{
  "name": "Create New RQL Job Workflow",
  "form": "87b86e40-08c9-4a42-8473-105ad041b04a",
  "blocks": [
    {
      "id": "fc36bcdf-b53f-44f2-bab4-adac7fa05f28",
      "label": "GET RESULTS",
      "presentation": "{}",
      "step": "691660f5-50db-411e-b933-db2f59b77205",
      "stepType": "INTEGRATION"
    },
    {
      "id": "0be0f005-e013-48f4-82d9-6a0f1ed8a62d",
      "label": "Responses",
      "presentation": "{\"w\":100,\"x\":-185,\"h\":50,\"y\":-303}",
      "stepType": "RESPONSES"
    },
    {
      "id": "ee9bd31e-b608-4315-af0f-7821c52947ce",
      "endpoint": "Rollbar",
      "label": "Rollbar Get RQL Status",
      "presentation": "{\"w\":60,\"x\":13,\"h\":60,\"y\":-149}",
      "step": "d32590f3-c92e-4ef0-babc-8e6e56fb07a6",
      "stepType": "SCRIPT_STEP",
      "inputMappings": [
        {
          "inputPort": "input",
          "mapping": "${event.properties.rql_id}",
          "stepInput": "d57d9529-1862-4506-978e-b1e34e877bce"
        }
      ]
    },
    {
      "id": "c2fd72e7-71d4-4392-a433-a7bc704300e0",
      "endpoint": "Rollbar",
      "label": "Rollbar Parse RQL Results",
      "presentation": "{\"w\":60,\"x\":185,\"h\":60,\"y\":-149}",
      "step": "cd407c78-2222-4841-8d91-2616736f5c31",
      "stepType": "SCRIPT_STEP",
      "inputMappings": [
        {
          "inputPort": "input",
          "mapping": "${ee9bd31e-b608-4315-af0f-7821c52947ce.rql_results}",
          "stepInput": "9e0d8b65-7bb7-4545-b761-4cfa3b6d6937"
        }
      ]
    },
    {
      "id": "138829ca-b95d-48e3-963e-3273755dd228",
      "label": "Switch",
      "presentation": "{\"w\":60,\"x\":390,\"h\":60,\"y\":-134}",
      "stepType": "SWITCH",
      "inputMappings": [
        {
          "inputPort": "input",
          "mapping": "${ee9bd31e-b608-4315-af0f-7821c52947ce.rql_status}"
        }
      ],
      "switchCases": [
        {
          "caseId": "24d5ec65-7d1a-4df0-be35-e8ea13c35b8f",
          "caseValue": "success"
        }
      ]
    },
    {
      "id": "768bd1b6-fa9e-4b38-b474-4ca5b4657234",
      "label": "xMatters Create Event - Get RQL Results",
      "presentation": "{\"w\":60,\"x\":573,\"h\":60,\"y\":1}",
      "step": "091693ed-3d5c-43e7-b898-92c7ffe2b5b7",
      "stepType": "CREATE_EVENT",
      "inputMappings": [
        {
          "inputPort": "input",
          "mapping": "${c2fd72e7-71d4-4392-a433-a7bc704300e0.rql_rowcount}",
          "sectionItemKey": "a109e3c9-56d4-400a-966b-7d905b332464"
        },
        {
          "inputPort": "input",
          "mapping": "${ee9bd31e-b608-4315-af0f-7821c52947ce.rql_results}",
          "sectionItemKey": "e484d224-1c44-4ee7-b8a0-c8f9663c57ef"
        },
        {
          "inputPort": "input",
          "mapping": "${c2fd72e7-71d4-4392-a433-a7bc704300e0.rql_executionTime}",
          "sectionItemKey": "cc757aa3-2b14-40c4-ad6a-d9788320959d"
        },
        {
          "inputPort": "input",
          "mapping": "${ee9bd31e-b608-4315-af0f-7821c52947ce.rql_status}",
          "sectionItemKey": "89c1eed2-1531-4ec2-aa21-4e08c030ed7f"
        },
        {
          "inputPort": "input",
          "mapping": "${c2fd72e7-71d4-4392-a433-a7bc704300e0.rql_row}",
          "sectionItemKey": "6ef435c7-718b-4aed-b48b-5a875cb572d4"
        },
        {
          "inputPort": "input",
          "mapping": "${ee9bd31e-b608-4315-af0f-7821c52947ce.rql_query_string}",
          "sectionItemKey": "fe56eadf-f8fc-4e2b-ae20-1b594f4d684d"
        },
        {
          "inputPort": "input",
          "mapping": "${c2fd72e7-71d4-4392-a433-a7bc704300e0.rql_errors}",
          "sectionItemKey": "e6e7c080-7c2a-44ed-8b1b-996606c78a43"
        },
        {
          "inputPort": "input",
          "mapping": "${c2fd72e7-71d4-4392-a433-a7bc704300e0.rql_columns}",
          "sectionItemKey": "536096be-2897-42c1-90eb-4ad561c862df"
        },
        {
          "inputPort": "input",
          "mapping": "${c2fd72e7-71d4-4392-a433-a7bc704300e0.rql_warnings}",
          "sectionItemKey": "3ccf9917-0ee1-4b80-8116-6d32c99bbbfe"
        },
        {
          "inputPort": "input",
          "mapping": "${triggerOutputRESPONSE.respondedTo.by.targetName}",
          "sectionItemKey": "recipients"
        },
        {
          "inputPort": "input",
          "mapping": "${c2fd72e7-71d4-4392-a433-a7bc704300e0.rql_selectionColumns}",
          "sectionItemKey": "1f9241de-f5e3-4e1c-b82b-fbb1c6eaf14e"
        },
        {
          "inputPort": "input",
          "mapping": "${ee9bd31e-b608-4315-af0f-7821c52947ce.rql_id}",
          "sectionItemKey": "08c95ba6-ef1a-4fff-a9a2-1ca81c4bd871"
        }
      ]
    },
    {
      "id": "7491c26f-0175-4914-91bb-85a2d0469c0c",
      "label": "xMatters Create Event - RQL Results Not Ready",
      "presentation": "{\"w\":60,\"x\":572,\"h\":60,\"y\":151}",
      "step": "34a2afb8-ac08-4628-a3f3-4e94e4e9bc8a",
      "stepType": "CREATE_EVENT",
      "inputMappings": [
        {
          "inputPort": "input",
          "mapping": "${c2fd72e7-71d4-4392-a433-a7bc704300e0.rql_errors}",
          "sectionItemKey": "e6e7c080-7c2a-44ed-8b1b-996606c78a43"
        },
        {
          "inputPort": "input",
          "mapping": "${ee9bd31e-b608-4315-af0f-7821c52947ce.rql_id}",
          "sectionItemKey": "08c95ba6-ef1a-4fff-a9a2-1ca81c4bd871"
        },
        {
          "inputPort": "input",
          "mapping": "${triggerOutputRESPONSE.respondedTo.by.targetName}",
          "sectionItemKey": "recipients"
        },
        {
          "inputPort": "input",
          "mapping": "${ee9bd31e-b608-4315-af0f-7821c52947ce.rql_status}",
          "sectionItemKey": "89c1eed2-1531-4ec2-aa21-4e08c030ed7f"
        }
      ]
    }
  ],
  "edges": [
    {
      "fromBlock": "c2fd72e7-71d4-4392-a433-a7bc704300e0",
      "fromPort": "output",
      "toBlock": "138829ca-b95d-48e3-963e-3273755dd228",
      "toPort": "input"
    },
    {
      "fromBlock": "ee9bd31e-b608-4315-af0f-7821c52947ce",
      "fromPort": "output",
      "toBlock": "c2fd72e7-71d4-4392-a433-a7bc704300e0",
      "toPort": "input"
    },
    {
      "fromBlock": "fc36bcdf-b53f-44f2-bab4-adac7fa05f28",
      "fromPort": "output",
      "toBlock": "ee9bd31e-b608-4315-af0f-7821c52947ce",
      "toPort": "input"
    },
    {
      "fromBlock": "138829ca-b95d-48e3-963e-3273755dd228",
      "fromPort": "output",
      "toBlock": "7491c26f-0175-4914-91bb-85a2d0469c0c",
      "toPort": "input"
    },
    {
      "fromBlock": "138829ca-b95d-48e3-963e-3273755dd228",
      "fromPort": "24d5ec65-7d1a-4df0-be35-e8ea13c35b8f",
      "toBlock": "768bd1b6-fa9e-4b38-b474-4ca5b4657234",
      "toPort": "input"
    }
  ]
}