{
  "name": "Rollbar Alert Workflow",
  "form": "138e31ee-0b54-48e9-80e7-d928742834a3",
  "blocks": [
    {
      "id": "f97517ac-6ba2-44e1-9ae7-828a19a4ee99",
      "label": "ASSIGN",
      "presentation": "{}",
      "step": "ed673e46-c978-4d19-abdf-56aed8ab6387",
      "stepType": "INTEGRATION"
    },
    {
      "id": "c3464c9b-e259-471d-966f-38eae2758f3b",
      "endpoint": "xMatters",
      "label": "Change the Status of all Events",
      "presentation": "{\"w\":60,\"x\":754,\"h\":60,\"y\":2651}",
      "step": "ee53b908-ce55-4add-80ea-84600f82cff4",
      "stepType": "SCRIPT_STEP",
      "inputMappings": [
        {
          "inputPort": "input",
          "mapping": "${90ed03ce-da50-4a06-8d4c-613ac26de8ec.eventIds}",
          "stepInput": "ff698e55-cb3c-4101-83a6-f207df9f50e8"
        },
        {
          "inputPort": "input",
          "mapping": "TERMINATED",
          "stepInput": "c4477326-ab72-410a-8ea9-f70daaf76c0a"
        }
      ]
    },
    {
      "id": "ab759f14-ae68-45dc-9916-643770287b17",
      "label": "ESCALATE",
      "presentation": "{}",
      "step": "87793202-4dd5-49c9-82f0-bcce2bacc358",
      "stepType": "INTEGRATION"
    },
    {
      "id": "525921d2-7c6c-496c-9afc-7f5cb4321a83",
      "label": "GET DEPLOY",
      "presentation": "{}",
      "step": "c38158b9-3b79-437b-bd1d-75bfca940343",
      "stepType": "INTEGRATION"
    },
    {
      "id": "90ed03ce-da50-4a06-8d4c-613ac26de8ec",
      "endpoint": "xMatters",
      "label": "Get Events",
      "presentation": "{\"w\":60,\"x\":577,\"h\":60,\"y\":2651}",
      "step": "e6b1c22e-ef4c-4184-b358-563605e0b3d5",
      "stepType": "SCRIPT_STEP",
      "inputMappings": [
        {
          "inputPort": "input",
          "mapping": "ACTIVE",
          "stepInput": "9c81c007-e142-41ee-b445-fb25c8d132a5"
        },
        {
          "inputPort": "input",
          "mapping": "Rollbar",
          "stepInput": "a8be6148-e7a5-4004-a298-4b1ff1b3761e"
        },
        {
          "inputPort": "input",
          "mapping": "item.id%23en",
          "stepInput": "bef712b7-8634-41c3-88cd-62a63b00749f"
        },
        {
          "inputPort": "input",
          "mapping": "${142f0f4b-3612-4429-baf5-7ac50773b8f4.item.id}",
          "stepInput": "ba20463a-7610-4d9d-b755-09ba722a30dd"
        }
      ]
    },
    {
      "id": "b02868e7-1ca7-49da-9a84-b85a466e4c8b",
      "label": "MUTE",
      "presentation": "{}",
      "step": "7e96b2bb-f5df-4d0e-b03d-2e75bd5a5740",
      "stepType": "INTEGRATION"
    },
    {
      "id": "4056edf7-e716-45c8-b2f9-2f6090d8c735",
      "label": "RESOLVE",
      "presentation": "{}",
      "step": "b3d88585-36d0-4806-a80d-4c9016cc4fd1",
      "stepType": "INTEGRATION"
    },
    {
      "id": "d58fd092-4692-42bc-9d12-e36be6cef70c",
      "label": "RESUME",
      "presentation": "{}",
      "step": "936365a9-19fb-4f89-9611-9fd74f511e90",
      "stepType": "INTEGRATION"
    },
    {
      "id": "3a3fb61a-a57e-4659-bcc4-0ef4132e3dc5",
      "label": "RUN RQL",
      "presentation": "{}",
      "step": "0fba684d-f170-49e3-93c5-884577c9ddf8",
      "stepType": "INTEGRATION"
    },
    {
      "id": "13326c09-9b0b-41f7-ad4e-6ce2066fad5c",
      "label": "Responses",
      "presentation": "{\"w\":100,\"x\":0,\"h\":50,\"y\":0}",
      "stepType": "RESPONSES"
    },
    {
      "id": "142f0f4b-3612-4429-baf5-7ac50773b8f4",
      "label": "Rollbar Alert - Rollbar",
      "presentation": "{\"w\":60,\"x\":160,\"h\":60,\"y\":1451}",
      "step": "f9f827db-e19f-4b0e-a3de-a1ceb3dcdfce",
      "stepType": "INTEGRATION"
    },
    {
      "id": "4723f9f4-3a50-4a49-a892-abdf6ac11625",
      "endpoint": "Rollbar",
      "label": "Rollbar Create an RQL Job",
      "presentation": "{\"w\":60,\"x\":198,\"h\":60,\"y\":1078}",
      "step": "cd7e8794-49a2-4eac-98e1-36ad73839ca6",
      "stepType": "SCRIPT_STEP",
      "inputMappings": [
        {
          "inputPort": "input",
          "mapping": "${constants.RQL Query String 01}",
          "stepInput": "fdcd1840-e021-4c6d-9ea2-988a2962655a"
        },
        {
          "inputPort": "input",
          "mapping": "False",
          "stepInput": "c91857c4-724d-43a7-972a-0719c06dbea0"
        }
      ]
    },
    {
      "id": "70e64c6c-632b-4f80-b585-66e92768d418",
      "endpoint": "Rollbar",
      "label": "Rollbar Get Recent Deploy",
      "presentation": "{\"w\":60,\"x\":199,\"h\":60,\"y\":924}",
      "step": "3dae6fa3-c774-4f0c-805d-44039d82d967",
      "stepType": "SCRIPT_STEP"
    },
    {
      "id": "155802bf-99fc-4b9c-8138-4f53ffaa04ef",
      "endpoint": "Rollbar",
      "label": "Rollbar Get Single User By Name",
      "presentation": "{\"w\":60,\"x\":208,\"h\":60,\"y\":308}",
      "step": "3ff244e8-922d-4df0-9073-1c867021e04e",
      "stepType": "SCRIPT_STEP",
      "inputMappings": [
        {
          "inputPort": "input",
          "mapping": "${triggerOutputRESPONSE.respondedTo.by.targetName}",
          "stepInput": "492956f5-8336-4462-8e6b-acf3cb1fc2ec"
        }
      ]
    },
    {
      "id": "94951d10-1ddf-450b-a502-e8a276b5a5ad",
      "endpoint": "Rollbar",
      "label": "Rollbar Update an Item Status",
      "presentation": "{\"w\":60,\"x\":775,\"h\":60,\"y\":323}",
      "step": "b64c9220-86ee-4157-8f0b-8b1c80d9c736",
      "stepType": "SCRIPT_STEP",
      "inputMappings": [
        {
          "inputPort": "input",
          "mapping": "${event.properties.item.id}",
          "stepInput": "20c18291-2b04-480f-b3ad-f924e4b4a313"
        },
        {
          "inputPort": "input",
          "mapping": "${155802bf-99fc-4b9c-8138-4f53ffaa04ef.userId}",
          "stepInput": "57d15313-2a04-413a-a8d3-65fcafe23c92"
        }
      ]
    },
    {
      "id": "e7077823-0b09-4e91-b598-43e2f780ecb9",
      "endpoint": "Rollbar",
      "label": "Rollbar Update an Item Status",
      "presentation": "{\"w\":60,\"x\":205,\"h\":60,\"y\":616}",
      "step": "b64c9220-86ee-4157-8f0b-8b1c80d9c736",
      "stepType": "SCRIPT_STEP",
      "inputMappings": [
        {
          "inputPort": "input",
          "mapping": "${event.properties.item.id}",
          "stepInput": "20c18291-2b04-480f-b3ad-f924e4b4a313"
        },
        {
          "inputPort": "input",
          "mapping": "muted",
          "stepInput": "d9621b06-f462-4f6a-889d-3e5ea4838a3b"
        }
      ]
    },
    {
      "id": "f0697b65-594e-4581-8c62-a78543642da0",
      "endpoint": "Rollbar",
      "label": "Rollbar Update an Item Status",
      "presentation": "{\"w\":60,\"x\":204,\"h\":60,\"y\":462}",
      "step": "b64c9220-86ee-4157-8f0b-8b1c80d9c736",
      "stepType": "SCRIPT_STEP",
      "inputMappings": [
        {
          "inputPort": "input",
          "mapping": "${event.properties.item.id}",
          "stepInput": "20c18291-2b04-480f-b3ad-f924e4b4a313"
        },
        {
          "inputPort": "input",
          "mapping": "resolved",
          "stepInput": "d9621b06-f462-4f6a-889d-3e5ea4838a3b"
        }
      ]
    },
    {
      "id": "03016559-4174-4502-925a-b58dd4ff32b2",
      "endpoint": "Rollbar",
      "label": "Rollbar Update an Item Status",
      "presentation": "{\"w\":60,\"x\":202,\"h\":60,\"y\":770}",
      "step": "b64c9220-86ee-4157-8f0b-8b1c80d9c736",
      "stepType": "SCRIPT_STEP",
      "inputMappings": [
        {
          "inputPort": "input",
          "mapping": "${event.properties.item.id}",
          "stepInput": "20c18291-2b04-480f-b3ad-f924e4b4a313"
        },
        {
          "inputPort": "input",
          "mapping": "active",
          "stepInput": "d9621b06-f462-4f6a-889d-3e5ea4838a3b"
        }
      ]
    },
    {
      "id": "eab4b621-1faf-43a7-b187-c5ba19ca98a1",
      "label": "Switch",
      "presentation": "{\"w\":60,\"x\":383,\"h\":60,\"y\":1466}",
      "stepType": "SWITCH",
      "inputMappings": [
        {
          "inputPort": "input",
          "mapping": "${142f0f4b-3612-4429-baf5-7ac50773b8f4.event_name}"
        }
      ],
      "switchCases": [
        {
          "caseId": "4fe69c17-6f06-4974-b9b1-1faa8102b092",
          "caseValue": "occurrence"
        },
        {
          "caseId": "05f5f71e-ae25-46c5-b520-d89c599b2910",
          "caseValue": "new_item"
        },
        {
          "caseId": "a44c8ff8-83a9-4877-b6c7-a1fa09e56670",
          "caseValue": "exp_repeat_item"
        },
        {
          "caseId": "499232d2-18b7-4ca0-9690-4526d9fd34a2",
          "caseValue": "reopened_item"
        },
        {
          "caseId": "1deefb7f-d443-45db-bf24-6ec9a1aa09e6",
          "caseValue": "reactivated_item"
        },
        {
          "caseId": "2cb170a3-91a5-47a4-b3d0-d3eb42e9ac53",
          "caseValue": "deploy"
        },
        {
          "caseId": "6ddf619c-81ad-474b-8937-52c71a06836e",
          "caseValue": "item_velocity"
        },
        {
          "caseId": "dce53e54-3191-45e4-bb1f-2c2564e9563b",
          "caseValue": "resolved_item"
        }
      ]
    },
    {
      "id": "f4c75eb3-ca0d-4705-8e6f-b3652de64e3e",
      "label": "Switch",
      "presentation": "{\"w\":60,\"x\":550,\"h\":60,\"y\":38}",
      "stepType": "SWITCH",
      "inputMappings": [
        {
          "inputPort": "input",
          "mapping": "${155802bf-99fc-4b9c-8138-4f53ffaa04ef.userId}"
        }
      ],
      "switchCases": [
        {
          "caseId": "f1e13e97-75de-41b7-90d4-32766f7d698c",
          "caseValue": "NO-USER-FOUND"
        }
      ]
    },
    {
      "id": "d4d74042-f385-4251-8223-6b86116b0c83",
      "label": "xMatters Create Event - Create New RQL Job",
      "presentation": "{\"w\":60,\"x\":395,\"h\":60,\"y\":1078}",
      "step": "87b86e40-08c9-4a42-8473-105ad041b04a",
      "stepType": "CREATE_EVENT",
      "inputMappings": [
        {
          "inputPort": "input",
          "mapping": "${4723f9f4-3a50-4a49-a892-abdf6ac11625.rql_status}",
          "sectionItemKey": "89c1eed2-1531-4ec2-aa21-4e08c030ed7f"
        },
        {
          "inputPort": "input",
          "mapping": "${triggerOutputRESPONSE.respondedTo.by.targetName}",
          "sectionItemKey": "recipients"
        },
        {
          "inputPort": "input",
          "mapping": "${constants.RQL Query String 01}",
          "sectionItemKey": "fe56eadf-f8fc-4e2b-ae20-1b594f4d684d"
        },
        {
          "inputPort": "input",
          "mapping": "${4723f9f4-3a50-4a49-a892-abdf6ac11625.rql_id}",
          "sectionItemKey": "08c95ba6-ef1a-4fff-a9a2-1ca81c4bd871"
        }
      ]
    },
    {
      "id": "4d5cb483-e9bf-4be3-9c15-108109b1e798",
      "label": "xMatters Create Event - Recent Deploys",
      "presentation": "{\"w\":60,\"x\":394,\"h\":60,\"y\":924}",
      "step": "95c19374-2a5a-4f96-9537-0bb881af19e5",
      "stepType": "CREATE_EVENT",
      "inputMappings": [
        {
          "inputPort": "input",
          "mapping": "${70e64c6c-632b-4f80-b585-66e92768d418.deploy01.status}",
          "sectionItemKey": "23fd5b9c-5f09-4fa9-b29d-6fca52a39233"
        },
        {
          "inputPort": "input",
          "mapping": "${70e64c6c-632b-4f80-b585-66e92768d418.deploy02.environment}",
          "sectionItemKey": "635de152-66e9-4975-bbff-0722265ab94e"
        },
        {
          "inputPort": "input",
          "mapping": "${70e64c6c-632b-4f80-b585-66e92768d418.deploy03.project_id}",
          "sectionItemKey": "f59e0450-7457-4811-8bb6-93f8ca489615"
        },
        {
          "inputPort": "input",
          "mapping": "${70e64c6c-632b-4f80-b585-66e92768d418.deploy01.finish_time}",
          "sectionItemKey": "b0427d83-50e2-4c7e-82ca-9008c2af8b4f"
        },
        {
          "inputPort": "input",
          "mapping": "${70e64c6c-632b-4f80-b585-66e92768d418.deploy03.user_id}",
          "sectionItemKey": "68d5c62d-e4c5-491e-ae45-95691dbafd1f"
        },
        {
          "inputPort": "input",
          "mapping": "${70e64c6c-632b-4f80-b585-66e92768d418.deploy03.start_time}",
          "sectionItemKey": "e77a188a-ab8f-4060-b440-a15edf771db8"
        },
        {
          "inputPort": "input",
          "mapping": "${triggerOutputRESPONSE.respondedTo.by.targetName}",
          "sectionItemKey": "recipients"
        },
        {
          "inputPort": "input",
          "mapping": "${70e64c6c-632b-4f80-b585-66e92768d418.deploy01.environment}",
          "sectionItemKey": "584c9860-e9d4-4eae-bbc2-1e5d7135c8fd"
        },
        {
          "inputPort": "input",
          "mapping": "${70e64c6c-632b-4f80-b585-66e92768d418.deploy03.status}",
          "sectionItemKey": "3563f005-75b1-411e-a4b0-d1ce2e1ae29f"
        },
        {
          "inputPort": "input",
          "mapping": "${70e64c6c-632b-4f80-b585-66e92768d418.deploy01.comment}",
          "sectionItemKey": "12a4bfcf-1ca5-413c-be4e-582775614692"
        },
        {
          "inputPort": "input",
          "mapping": "${70e64c6c-632b-4f80-b585-66e92768d418.deploy01.start_time}",
          "sectionItemKey": "502e7fe8-8272-4052-9bd1-7f900122751e"
        },
        {
          "inputPort": "input",
          "mapping": "${70e64c6c-632b-4f80-b585-66e92768d418.deploy01.revision}",
          "sectionItemKey": "999cfc69-eb5c-450c-9194-6cd3b2fc985f"
        },
        {
          "inputPort": "input",
          "mapping": "${70e64c6c-632b-4f80-b585-66e92768d418.deploy02.finish_time}",
          "sectionItemKey": "5c0f6286-3d03-43e6-9e11-147f8631cae7"
        },
        {
          "inputPort": "input",
          "mapping": "${70e64c6c-632b-4f80-b585-66e92768d418.deploy01.user_id}",
          "sectionItemKey": "a33a89a7-d1ad-447d-944b-c718fab671ab"
        },
        {
          "inputPort": "input",
          "mapping": "${70e64c6c-632b-4f80-b585-66e92768d418.deploy02.user_id}",
          "sectionItemKey": "5f35da2c-4e44-41a4-9f25-449fe2e59838"
        },
        {
          "inputPort": "input",
          "mapping": "${70e64c6c-632b-4f80-b585-66e92768d418.deploy02.comment}",
          "sectionItemKey": "c2fee031-020d-46de-b053-3362ab090394"
        },
        {
          "inputPort": "input",
          "mapping": "${70e64c6c-632b-4f80-b585-66e92768d418.deploy03.comment}",
          "sectionItemKey": "10c17375-792b-4aa8-ac57-c59700ba7e9c"
        },
        {
          "inputPort": "input",
          "mapping": "${70e64c6c-632b-4f80-b585-66e92768d418.deploy03.environment}",
          "sectionItemKey": "a92064ad-ca7b-42c6-9322-9508f1ce7266"
        },
        {
          "inputPort": "input",
          "mapping": "${70e64c6c-632b-4f80-b585-66e92768d418.deploy01.project_id}",
          "sectionItemKey": "6a64e210-ef8b-4b63-819e-e675f04dd8ba"
        },
        {
          "inputPort": "input",
          "mapping": "${70e64c6c-632b-4f80-b585-66e92768d418.deploy01.local_username}",
          "sectionItemKey": "9a60c267-307c-44af-b737-90bb20a80727"
        },
        {
          "inputPort": "input",
          "mapping": "${70e64c6c-632b-4f80-b585-66e92768d418.deploy02.start_time}",
          "sectionItemKey": "5f04c531-a0f5-47e7-9592-568a968750c7"
        },
        {
          "inputPort": "input",
          "mapping": "${70e64c6c-632b-4f80-b585-66e92768d418.deploy03.id}",
          "sectionItemKey": "b0d03b7b-a08d-4061-9787-f5348ab119aa"
        },
        {
          "inputPort": "input",
          "mapping": "${70e64c6c-632b-4f80-b585-66e92768d418.deploy03.revision}",
          "sectionItemKey": "c773de4c-c3bb-4a96-b8a7-96238c22bfc7"
        },
        {
          "inputPort": "input",
          "mapping": "${70e64c6c-632b-4f80-b585-66e92768d418.deploy03.finish_time}",
          "sectionItemKey": "b0440d3d-ec1c-402a-8345-b59f7c379c79"
        },
        {
          "inputPort": "input",
          "mapping": "${70e64c6c-632b-4f80-b585-66e92768d418.deploy02.id}",
          "sectionItemKey": "3b7523da-8547-4897-a9f8-19d186a1f987"
        },
        {
          "inputPort": "input",
          "mapping": "${70e64c6c-632b-4f80-b585-66e92768d418.deploy02.revision}",
          "sectionItemKey": "9fcee633-873b-4990-b46d-70e1816d8499"
        },
        {
          "inputPort": "input",
          "mapping": "${70e64c6c-632b-4f80-b585-66e92768d418.deploy02.local_username}",
          "sectionItemKey": "a0b8cac9-e35f-4cb2-b847-dac2de21dc7f"
        },
        {
          "inputPort": "input",
          "mapping": "${70e64c6c-632b-4f80-b585-66e92768d418.deploy02.status}",
          "sectionItemKey": "d1b422a2-6b7f-4c6f-9d39-ba304d4df32d"
        },
        {
          "inputPort": "input",
          "mapping": "${70e64c6c-632b-4f80-b585-66e92768d418.deploy01.id}",
          "sectionItemKey": "1f8a6886-3ea5-4dcb-8ee0-611a95e6e53c"
        },
        {
          "inputPort": "input",
          "mapping": "${70e64c6c-632b-4f80-b585-66e92768d418.deploy02.project_id}",
          "sectionItemKey": "3b68f3cd-cad9-4c4c-9a33-680c24165514"
        },
        {
          "inputPort": "input",
          "mapping": "${70e64c6c-632b-4f80-b585-66e92768d418.deploy03.local_username}",
          "sectionItemKey": "99b20879-c50f-4045-8eb1-57fcc3649341"
        }
      ]
    },
    {
      "id": "9d09bcc5-25d3-41dd-9acb-b36fd7e83fac",
      "label": "xMatters Create Event - Rollbar Alert",
      "presentation": "{\"w\":60,\"x\":773,\"h\":60,\"y\":1722}",
      "step": "138e31ee-0b54-48e9-80e7-d928742834a3",
      "stepType": "CREATE_EVENT",
      "inputMappings": [
        {
          "inputPort": "input",
          "mapping": "${142f0f4b-3612-4429-baf5-7ac50773b8f4.occurrence.framework}",
          "sectionItemKey": "73f00354-3264-44c6-819e-84354fc4d7f0"
        },
        {
          "inputPort": "input",
          "mapping": "${142f0f4b-3612-4429-baf5-7ac50773b8f4.occurrence.person.username}",
          "sectionItemKey": "f8ffbba4-44d3-47d0-9aa6-f6c423641207"
        },
        {
          "inputPort": "input",
          "mapping": "${142f0f4b-3612-4429-baf5-7ac50773b8f4.item.group_item_id}",
          "sectionItemKey": "4cb6da8d-617d-488e-b50c-eeafb8644e75"
        },
        {
          "inputPort": "input",
          "mapping": "${142f0f4b-3612-4429-baf5-7ac50773b8f4.occurrence.code_version}",
          "sectionItemKey": "84b67792-4e45-448a-b057-af53890bc944"
        },
        {
          "inputPort": "input",
          "mapping": "${142f0f4b-3612-4429-baf5-7ac50773b8f4.occurrence.telemetry.body.start_timestamp_ms}",
          "sectionItemKey": "2828502e-d610-41bc-a259-ea43b2adf0da"
        },
        {
          "inputPort": "input",
          "mapping": "${142f0f4b-3612-4429-baf5-7ac50773b8f4.occurrence.request.query_string}",
          "sectionItemKey": "ad8e604c-79f7-4926-8e24-eb871338e1a0"
        },
        {
          "inputPort": "input",
          "mapping": "${142f0f4b-3612-4429-baf5-7ac50773b8f4.occurrence.person.email}",
          "sectionItemKey": "cfa45566-4847-495a-a5c2-c16c1875d1d5"
        },
        {
          "inputPort": "input",
          "mapping": "${142f0f4b-3612-4429-baf5-7ac50773b8f4.occurrence.platform}",
          "sectionItemKey": "ad7da7ca-73d7-4a16-b37f-d6b8bbe6648f"
        },
        {
          "inputPort": "input",
          "mapping": "${142f0f4b-3612-4429-baf5-7ac50773b8f4.occurrence.server.code_version}",
          "sectionItemKey": "6f0a338f-a7dc-4cc2-84ec-6face6270caf"
        },
        {
          "inputPort": "input",
          "mapping": "${142f0f4b-3612-4429-baf5-7ac50773b8f4.item.integrations_data}",
          "sectionItemKey": "829c118a-61a3-4725-863b-58c40267c721"
        },
        {
          "inputPort": "input",
          "mapping": "${142f0f4b-3612-4429-baf5-7ac50773b8f4.occurrence.server.root}",
          "sectionItemKey": "3208065f-940e-4112-940b-4c7de045a79b"
        },
        {
          "inputPort": "input",
          "mapping": "${142f0f4b-3612-4429-baf5-7ac50773b8f4.item.last_activated_timestamp}",
          "sectionItemKey": "c7f28cfe-6762-4bf6-b6e6-b24747474f70"
        },
        {
          "inputPort": "input",
          "mapping": "${142f0f4b-3612-4429-baf5-7ac50773b8f4.occurrence.notifier.name}",
          "sectionItemKey": "876354e6-2bdb-4882-8a32-b48c1060c1cb"
        },
        {
          "inputPort": "input",
          "mapping": "${142f0f4b-3612-4429-baf5-7ac50773b8f4.occurrence.request.url}",
          "sectionItemKey": "ff4b04e5-70c2-45ec-b203-8011f9c52fa7"
        },
        {
          "inputPort": "input",
          "mapping": "${142f0f4b-3612-4429-baf5-7ac50773b8f4.recipient}",
          "sectionItemKey": "recipients"
        },
        {
          "inputPort": "input",
          "mapping": "${142f0f4b-3612-4429-baf5-7ac50773b8f4.occurrence.server.host}",
          "sectionItemKey": "ea1202f8-bcc6-408d-8111-b1ce0ebfda33"
        },
        {
          "inputPort": "input",
          "mapping": "${142f0f4b-3612-4429-baf5-7ac50773b8f4.occurrence.context}",
          "sectionItemKey": "8fac6e3d-6cd5-4353-b6c0-4f8b324835d1"
        },
        {
          "inputPort": "input",
          "mapping": "${142f0f4b-3612-4429-baf5-7ac50773b8f4.occurrence.telemetry.source}",
          "sectionItemKey": "aae9dfd7-24be-46bf-abdc-2cc3bf9ebac2"
        },
        {
          "inputPort": "input",
          "mapping": "${142f0f4b-3612-4429-baf5-7ac50773b8f4.occurrence.server.sha}",
          "sectionItemKey": "28e8fd5b-f5ea-4a34-a120-ea1d1fd0a79f"
        },
        {
          "inputPort": "input",
          "mapping": "${142f0f4b-3612-4429-baf5-7ac50773b8f4.occurrence.body.message.time_elapsed}",
          "sectionItemKey": "f8c413c0-4a5b-40a1-80bf-2ca8ad34388b"
        },
        {
          "inputPort": "input",
          "mapping": "${142f0f4b-3612-4429-baf5-7ac50773b8f4.occurrence.request.POST}",
          "sectionItemKey": "6538ef40-9b1d-4b23-87d4-5022bbc55a87"
        },
        {
          "inputPort": "input",
          "mapping": "${142f0f4b-3612-4429-baf5-7ac50773b8f4.occurrence.uuid}",
          "sectionItemKey": "d3ddff73-ce8c-4552-8170-edc9efc76f00"
        },
        {
          "inputPort": "input",
          "mapping": "${142f0f4b-3612-4429-baf5-7ac50773b8f4.item.assigned_user_id}",
          "sectionItemKey": "cc057915-0505-4937-8c2f-4839519069d5"
        },
        {
          "inputPort": "input",
          "mapping": "${142f0f4b-3612-4429-baf5-7ac50773b8f4.item.level_lock}",
          "sectionItemKey": "a33415af-d43d-4a02-811d-c0ccbb7a8754"
        },
        {
          "inputPort": "input",
          "mapping": "${142f0f4b-3612-4429-baf5-7ac50773b8f4.occurrence.telemetry.level}",
          "sectionItemKey": "181266de-ff88-4d17-a4e3-9399b55becd1"
        },
        {
          "inputPort": "input",
          "mapping": "${142f0f4b-3612-4429-baf5-7ac50773b8f4.item.last_modified_by}",
          "sectionItemKey": "15a0cd91-3eab-4840-98e9-8492b532e0a6"
        },
        {
          "inputPort": "input",
          "mapping": "${142f0f4b-3612-4429-baf5-7ac50773b8f4.occurrence.telemetry.body.start_timestamp_ms}",
          "sectionItemKey": "38f83461-5628-4018-b1d9-54d78a1b0e44"
        },
        {
          "inputPort": "input",
          "mapping": "${142f0f4b-3612-4429-baf5-7ac50773b8f4.occurrence.request.method}",
          "sectionItemKey": "8e6b3a39-8ea0-4e9e-a4cb-3df6ce399b65"
        },
        {
          "inputPort": "input",
          "mapping": "${142f0f4b-3612-4429-baf5-7ac50773b8f4.occurrence.telemetry.body.status_code}",
          "sectionItemKey": "7654e512-b551-4fc2-bd5f-00973f616b6a"
        },
        {
          "inputPort": "input",
          "mapping": "${142f0f4b-3612-4429-baf5-7ac50773b8f4.occurrence.telemetry.body.end_timestamp_ms}",
          "sectionItemKey": "efd92681-6e17-4110-afa4-ba5a81604a01"
        },
        {
          "inputPort": "input",
          "mapping": "${142f0f4b-3612-4429-baf5-7ac50773b8f4.occurrence.server.branch}",
          "sectionItemKey": "5ad87a28-70a4-4b9b-a450-d7b946de8069"
        },
        {
          "inputPort": "input",
          "mapping": "${142f0f4b-3612-4429-baf5-7ac50773b8f4.item.framework}",
          "sectionItemKey": "c2cd8a86-965b-4642-b494-0724b7c9fa20"
        },
        {
          "inputPort": "input",
          "mapping": "${142f0f4b-3612-4429-baf5-7ac50773b8f4.occurrence.request.headers}",
          "sectionItemKey": "15ab8c99-6c4f-43d4-b3de-84a178bc9ed6"
        },
        {
          "inputPort": "input",
          "mapping": "${142f0f4b-3612-4429-baf5-7ac50773b8f4.occurrence.title}",
          "sectionItemKey": "71f05c7d-6f67-4411-88fe-10466bca6ee6"
        },
        {
          "inputPort": "input",
          "mapping": "${142f0f4b-3612-4429-baf5-7ac50773b8f4.item.last_occurrence_timestamp}",
          "sectionItemKey": "a8f73f8b-5a2c-47ec-803c-2d038d14aae4"
        },
        {
          "inputPort": "input",
          "mapping": "${142f0f4b-3612-4429-baf5-7ac50773b8f4.item.last_occurrence_id}",
          "sectionItemKey": "042cd337-e40e-4394-8b45-39ea5e77457b"
        },
        {
          "inputPort": "input",
          "mapping": "${142f0f4b-3612-4429-baf5-7ac50773b8f4.item.group_status}",
          "sectionItemKey": "b5ad6c00-852b-427a-9d86-4efe1f53136d"
        },
        {
          "inputPort": "input",
          "mapping": "${142f0f4b-3612-4429-baf5-7ac50773b8f4.item.environment}",
          "sectionItemKey": "fbb7543e-802d-4514-bd6e-5b83442a4fd6"
        },
        {
          "inputPort": "input",
          "mapping": "${142f0f4b-3612-4429-baf5-7ac50773b8f4.item.title}",
          "sectionItemKey": "eab26232-3a68-41c0-ab31-6aa3e71de37d"
        },
        {
          "inputPort": "input",
          "mapping": "${142f0f4b-3612-4429-baf5-7ac50773b8f4.occurrence.request.params}",
          "sectionItemKey": "5b33bb7f-5a61-4c02-9d78-03a1b356915c"
        },
        {
          "inputPort": "input",
          "mapping": "${142f0f4b-3612-4429-baf5-7ac50773b8f4.item.unique_occurrences}",
          "sectionItemKey": "d422cf18-22bf-442d-acbb-80a6ab3f3143"
        },
        {
          "inputPort": "input",
          "mapping": "${142f0f4b-3612-4429-baf5-7ac50773b8f4.friendly_trace_chain}",
          "sectionItemKey": "4114929c-07a6-4d17-8de9-8ff34eae9e42"
        },
        {
          "inputPort": "input",
          "mapping": "${142f0f4b-3612-4429-baf5-7ac50773b8f4.occurrence.environment}",
          "sectionItemKey": "72ee5487-d85c-45bd-bce5-599847dfdabd"
        },
        {
          "inputPort": "input",
          "mapping": "${142f0f4b-3612-4429-baf5-7ac50773b8f4.occurrence.body.trace_chain}",
          "sectionItemKey": "2bd6341f-4523-45a9-b3fe-453d6b85a603"
        },
        {
          "inputPort": "input",
          "mapping": "${142f0f4b-3612-4429-baf5-7ac50773b8f4.occurrence.fingerprint}",
          "sectionItemKey": "02bd4c2f-d2b6-4320-8723-0995927f9290"
        },
        {
          "inputPort": "input",
          "mapping": "${142f0f4b-3612-4429-baf5-7ac50773b8f4.occurrence.notifier.version}",
          "sectionItemKey": "60746348-dcfd-4bdd-9efa-0ab784e67a6b"
        },
        {
          "inputPort": "input",
          "mapping": "${142f0f4b-3612-4429-baf5-7ac50773b8f4.item.status}",
          "sectionItemKey": "4863e717-38bd-4831-a6ec-e62b5f7786bd"
        },
        {
          "inputPort": "input",
          "mapping": "${142f0f4b-3612-4429-baf5-7ac50773b8f4.item.level}",
          "sectionItemKey": "b72db1ec-da28-49c8-8878-e7dc2a9239bf"
        },
        {
          "inputPort": "input",
          "mapping": "${142f0f4b-3612-4429-baf5-7ac50773b8f4.occurrence.language}",
          "sectionItemKey": "b990bcec-3c97-4d1c-b249-b84efacd22f7"
        },
        {
          "inputPort": "input",
          "mapping": "${142f0f4b-3612-4429-baf5-7ac50773b8f4.occurrence.request.user_ip}",
          "sectionItemKey": "ab81b96e-4890-4c3d-b57a-92e58da1e496"
        },
        {
          "inputPort": "input",
          "mapping": "${142f0f4b-3612-4429-baf5-7ac50773b8f4.occurrence.telemetry.body.subtype}",
          "sectionItemKey": "4bdeea5d-affe-4232-bc85-9ae0b9f58024"
        },
        {
          "inputPort": "input",
          "mapping": "${142f0f4b-3612-4429-baf5-7ac50773b8f4.occurrence.request.body}",
          "sectionItemKey": "a064b27a-e37b-466a-b493-7ea32a08c1f9"
        },
        {
          "inputPort": "input",
          "mapping": "${142f0f4b-3612-4429-baf5-7ac50773b8f4.occurrence.body.message.route}",
          "sectionItemKey": "8a4ddd07-0dcc-49f5-9c8d-377a73cc2699"
        },
        {
          "inputPort": "input",
          "mapping": "${142f0f4b-3612-4429-baf5-7ac50773b8f4.item.total_occurrences}",
          "sectionItemKey": "652e5dd2-5b0a-4db7-a534-7a52eba5be37"
        },
        {
          "inputPort": "input",
          "mapping": "${142f0f4b-3612-4429-baf5-7ac50773b8f4.occurrence.body.trace.exception.message}",
          "sectionItemKey": "b6f42f94-d516-41a6-9b1f-c50b006e14c3"
        },
        {
          "inputPort": "input",
          "mapping": "${142f0f4b-3612-4429-baf5-7ac50773b8f4.occurrence.client.cpu}",
          "sectionItemKey": "922047a4-5e89-422d-98ed-5c4e9e600b61"
        },
        {
          "inputPort": "input",
          "mapping": "${142f0f4b-3612-4429-baf5-7ac50773b8f4.occurrence.telemetry.body.method}",
          "sectionItemKey": "104d3d71-3743-49f7-b792-b84a1ba2b9f6"
        },
        {
          "inputPort": "input",
          "mapping": "${142f0f4b-3612-4429-baf5-7ac50773b8f4.occurrence.person.id}",
          "sectionItemKey": "9832cea7-e1bc-4d68-b033-985ed394f19b"
        },
        {
          "inputPort": "input",
          "mapping": "${142f0f4b-3612-4429-baf5-7ac50773b8f4.occurrence.body.trace.exception.description}",
          "sectionItemKey": "af5b2e99-69a2-4153-bdeb-bafce8c46858"
        },
        {
          "inputPort": "input",
          "mapping": "${142f0f4b-3612-4429-baf5-7ac50773b8f4.occurrence.timestamp}",
          "sectionItemKey": "c06d67fe-4577-4146-8bdd-d867f2a7e26d"
        },
        {
          "inputPort": "input",
          "mapping": "${142f0f4b-3612-4429-baf5-7ac50773b8f4.occurrence.body.crash_report.raw}",
          "sectionItemKey": "299739e2-bb7b-43d0-ad85-2833503fbf15"
        },
        {
          "inputPort": "input",
          "mapping": "${142f0f4b-3612-4429-baf5-7ac50773b8f4.occurrence_url}",
          "sectionItemKey": "a6820c66-ff05-4d29-8174-0b95c1c3150e"
        },
        {
          "inputPort": "input",
          "mapping": "${142f0f4b-3612-4429-baf5-7ac50773b8f4.event_type}",
          "sectionItemKey": "02e02840-e3ca-46d2-8a39-b864464a9ebe"
        },
        {
          "inputPort": "input",
          "mapping": "${142f0f4b-3612-4429-baf5-7ac50773b8f4.occurrence.uuid}",
          "sectionItemKey": "b64554f6-0c51-488c-bd6a-e67125275bd4"
        },
        {
          "inputPort": "input",
          "mapping": "${142f0f4b-3612-4429-baf5-7ac50773b8f4.item.id}",
          "sectionItemKey": "f2d8ca77-c966-4ec0-a1a8-a7bd0edef18f"
        },
        {
          "inputPort": "input",
          "mapping": "${142f0f4b-3612-4429-baf5-7ac50773b8f4.occurrence.body.message.body}",
          "sectionItemKey": "976e717c-e628-403e-9065-fa8af1725548"
        },
        {
          "inputPort": "input",
          "mapping": "${142f0f4b-3612-4429-baf5-7ac50773b8f4.occurrence.server.cpu}",
          "sectionItemKey": "abdf8736-518e-4587-8acf-6f324539b9c6"
        },
        {
          "inputPort": "input",
          "mapping": "${142f0f4b-3612-4429-baf5-7ac50773b8f4.occurrence.telemetry.body.url}",
          "sectionItemKey": "ad729f98-ec77-4374-979c-738892f4aa2e"
        },
        {
          "inputPort": "input",
          "mapping": "${142f0f4b-3612-4429-baf5-7ac50773b8f4.occurrence.request.GET}",
          "sectionItemKey": "c710020a-cc65-4e3d-b873-60f4c0c95721"
        },
        {
          "inputPort": "input",
          "mapping": "${142f0f4b-3612-4429-baf5-7ac50773b8f4.occurrence.telemetry.type}",
          "sectionItemKey": "43cf08df-9cda-4382-91f6-02a529ba29a1"
        },
        {
          "inputPort": "input",
          "mapping": "${142f0f4b-3612-4429-baf5-7ac50773b8f4.item.hash}",
          "sectionItemKey": "9e0efa51-87aa-4273-86f4-45cc2e91d54f"
        },
        {
          "inputPort": "input",
          "mapping": "${142f0f4b-3612-4429-baf5-7ac50773b8f4.occurrence.body.trace.exception.class}",
          "sectionItemKey": "c519907c-bdab-4224-809b-e0b244875e36"
        },
        {
          "inputPort": "input",
          "mapping": "${142f0f4b-3612-4429-baf5-7ac50773b8f4.occurrence.level}",
          "sectionItemKey": "66402b64-da2b-4d9e-891c-f8b7656bad6f"
        },
        {
          "inputPort": "input",
          "mapping": "${142f0f4b-3612-4429-baf5-7ac50773b8f4.item.first_occurrence_timestamp}",
          "sectionItemKey": "43d96c97-eaab-439e-a444-8e059301a294"
        },
        {
          "inputPort": "input",
          "mapping": "${142f0f4b-3612-4429-baf5-7ac50773b8f4.item.platform}",
          "sectionItemKey": "c357ca41-7625-44ca-a37f-e2f4eda99f29"
        },
        {
          "inputPort": "input",
          "mapping": "${142f0f4b-3612-4429-baf5-7ac50773b8f4.occurrence.client.javascript}",
          "sectionItemKey": "117de7a6-58e0-4d18-be2d-4bca1f4a27a0"
        },
        {
          "inputPort": "input",
          "mapping": "${142f0f4b-3612-4429-baf5-7ac50773b8f4.item.project_id}",
          "sectionItemKey": "a086d190-7861-4d05-9994-82b22fc5d0ce"
        },
        {
          "inputPort": "input",
          "mapping": "${142f0f4b-3612-4429-baf5-7ac50773b8f4.item.public_item_id}",
          "sectionItemKey": "3fa821d8-3ff0-40cc-8565-cd3c7f3c3b3b"
        },
        {
          "inputPort": "input",
          "mapping": "${142f0f4b-3612-4429-baf5-7ac50773b8f4.item.counter}",
          "sectionItemKey": "21c79430-311b-4d32-bb20-a4a5d269837f"
        },
        {
          "inputPort": "input",
          "mapping": "${142f0f4b-3612-4429-baf5-7ac50773b8f4.item.first_occurrence_id}",
          "sectionItemKey": "f578949c-c662-4dc9-9221-fb6324332e13"
        },
        {
          "inputPort": "input",
          "mapping": "${142f0f4b-3612-4429-baf5-7ac50773b8f4.project}",
          "sectionItemKey": "cab586fe-0da8-4e0a-b71a-c8a57e05c622"
        },
        {
          "inputPort": "input",
          "mapping": "${142f0f4b-3612-4429-baf5-7ac50773b8f4.url}",
          "sectionItemKey": "79fe70b1-11b2-43ab-ae69-efd637fe0b54"
        },
        {
          "inputPort": "input",
          "mapping": "${142f0f4b-3612-4429-baf5-7ac50773b8f4.occurrence.body.trace.frames}",
          "sectionItemKey": "c8cb2f2c-546b-4bde-aa71-81a2c2ab1861"
        },
        {
          "inputPort": "input",
          "mapping": "${142f0f4b-3612-4429-baf5-7ac50773b8f4.item.resolved_in_version}",
          "sectionItemKey": "70873526-a503-4183-978f-c600f998c50e"
        },
        {
          "inputPort": "input",
          "mapping": "${142f0f4b-3612-4429-baf5-7ac50773b8f4.item.first_occurrence_id}",
          "sectionItemKey": "82641e00-4075-4553-bd47-82907721a375"
        },
        {
          "inputPort": "input",
          "mapping": "${142f0f4b-3612-4429-baf5-7ac50773b8f4.item.title_lock}",
          "sectionItemKey": "ddba3da8-85ab-4a21-8bb6-e528da39660d"
        }
      ]
    }
  ],
  "edges": [
    {
      "fromBlock": "90ed03ce-da50-4a06-8d4c-613ac26de8ec",
      "fromPort": "output",
      "toBlock": "c3464c9b-e259-471d-966f-38eae2758f3b",
      "toPort": "input"
    },
    {
      "fromBlock": "b02868e7-1ca7-49da-9a84-b85a466e4c8b",
      "fromPort": "output",
      "toBlock": "e7077823-0b09-4e91-b598-43e2f780ecb9",
      "toPort": "input"
    },
    {
      "fromBlock": "d58fd092-4692-42bc-9d12-e36be6cef70c",
      "fromPort": "output",
      "toBlock": "03016559-4174-4502-925a-b58dd4ff32b2",
      "toPort": "input"
    },
    {
      "fromBlock": "eab4b621-1faf-43a7-b187-c5ba19ca98a1",
      "fromPort": "dce53e54-3191-45e4-bb1f-2c2564e9563b",
      "toBlock": "90ed03ce-da50-4a06-8d4c-613ac26de8ec",
      "toPort": "input"
    },
    {
      "fromBlock": "eab4b621-1faf-43a7-b187-c5ba19ca98a1",
      "fromPort": "05f5f71e-ae25-46c5-b520-d89c599b2910",
      "toBlock": "9d09bcc5-25d3-41dd-9acb-b36fd7e83fac",
      "toPort": "input"
    },
    {
      "fromBlock": "eab4b621-1faf-43a7-b187-c5ba19ca98a1",
      "fromPort": "1deefb7f-d443-45db-bf24-6ec9a1aa09e6",
      "toBlock": "9d09bcc5-25d3-41dd-9acb-b36fd7e83fac",
      "toPort": "input"
    },
    {
      "fromBlock": "eab4b621-1faf-43a7-b187-c5ba19ca98a1",
      "fromPort": "499232d2-18b7-4ca0-9690-4526d9fd34a2",
      "toBlock": "9d09bcc5-25d3-41dd-9acb-b36fd7e83fac",
      "toPort": "input"
    },
    {
      "fromBlock": "eab4b621-1faf-43a7-b187-c5ba19ca98a1",
      "fromPort": "4fe69c17-6f06-4974-b9b1-1faa8102b092",
      "toBlock": "9d09bcc5-25d3-41dd-9acb-b36fd7e83fac",
      "toPort": "input"
    },
    {
      "fromBlock": "eab4b621-1faf-43a7-b187-c5ba19ca98a1",
      "fromPort": "a44c8ff8-83a9-4877-b6c7-a1fa09e56670",
      "toBlock": "9d09bcc5-25d3-41dd-9acb-b36fd7e83fac",
      "toPort": "input"
    },
    {
      "fromBlock": "f4c75eb3-ca0d-4705-8e6f-b3652de64e3e",
      "fromPort": "output",
      "toBlock": "94951d10-1ddf-450b-a502-e8a276b5a5ad",
      "toPort": "input"
    },
    {
      "fromBlock": "f97517ac-6ba2-44e1-9ae7-828a19a4ee99",
      "fromPort": "output",
      "toBlock": "155802bf-99fc-4b9c-8138-4f53ffaa04ef",
      "toPort": "input"
    },
    {
      "fromBlock": "142f0f4b-3612-4429-baf5-7ac50773b8f4",
      "fromPort": "output",
      "toBlock": "eab4b621-1faf-43a7-b187-c5ba19ca98a1",
      "toPort": "input"
    },
    {
      "fromBlock": "155802bf-99fc-4b9c-8138-4f53ffaa04ef",
      "fromPort": "output",
      "toBlock": "f4c75eb3-ca0d-4705-8e6f-b3652de64e3e",
      "toPort": "input"
    },
    {
      "fromBlock": "3a3fb61a-a57e-4659-bcc4-0ef4132e3dc5",
      "fromPort": "output",
      "toBlock": "4723f9f4-3a50-4a49-a892-abdf6ac11625",
      "toPort": "input"
    },
    {
      "fromBlock": "4056edf7-e716-45c8-b2f9-2f6090d8c735",
      "fromPort": "output",
      "toBlock": "f0697b65-594e-4581-8c62-a78543642da0",
      "toPort": "input"
    },
    {
      "fromBlock": "4723f9f4-3a50-4a49-a892-abdf6ac11625",
      "fromPort": "output",
      "toBlock": "d4d74042-f385-4251-8223-6b86116b0c83",
      "toPort": "input"
    },
    {
      "fromBlock": "525921d2-7c6c-496c-9afc-7f5cb4321a83",
      "fromPort": "output",
      "toBlock": "70e64c6c-632b-4f80-b585-66e92768d418",
      "toPort": "input"
    },
    {
      "fromBlock": "70e64c6c-632b-4f80-b585-66e92768d418",
      "fromPort": "output",
      "toBlock": "4d5cb483-e9bf-4be3-9c15-108109b1e798",
      "toPort": "input"
    }
  ]
}