{
  "name": "RQL Results Not Ready Workflow",
  "form": "34a2afb8-ac08-4628-a3f3-4e94e4e9bc8a",
  "blocks": [
    {
      "id": "947e392f-05b2-4189-8e11-c113ba782ed4",
      "label": "GET RESULTS",
      "presentation": "{}",
      "step": "63586cd9-f69f-498c-803b-1f9074d24a31",
      "stepType": "INTEGRATION"
    },
    {
      "id": "b551b85b-d81e-41ab-b3e8-7d5039374e89",
      "label": "Responses",
      "presentation": "{\"w\":100,\"x\":-351,\"h\":50,\"y\":-280}",
      "stepType": "RESPONSES"
    },
    {
      "id": "397ebfad-6bfb-4d5c-a6fe-c47e7cfb310b",
      "endpoint": "Rollbar",
      "label": "Rollbar Get RQL Status",
      "presentation": "{\"w\":60,\"x\":-172,\"h\":60,\"y\":-126}",
      "step": "d32590f3-c92e-4ef0-babc-8e6e56fb07a6",
      "stepType": "SCRIPT_STEP",
      "inputMappings": [
        {
          "inputPort": "input",
          "mapping": "${event.properties.rql_id}",
          "stepInput": "d57d9529-1862-4506-978e-b1e34e877bce"
        }
      ]
    },
    {
      "id": "dde32b80-27b8-4f78-9d0c-ae0dc3e08772",
      "endpoint": "Rollbar",
      "label": "Rollbar Parse RQL Results",
      "presentation": "{\"w\":60,\"x\":-15,\"h\":60,\"y\":-126}",
      "step": "cd407c78-2222-4841-8d91-2616736f5c31",
      "stepType": "SCRIPT_STEP",
      "inputMappings": [
        {
          "inputPort": "input",
          "mapping": "${397ebfad-6bfb-4d5c-a6fe-c47e7cfb310b.rql_results}",
          "stepInput": "9e0d8b65-7bb7-4545-b761-4cfa3b6d6937"
        }
      ]
    },
    {
      "id": "722c914c-5a9c-4486-9e25-5825756fb768",
      "label": "Switch",
      "presentation": "{\"w\":60,\"x\":201,\"h\":60,\"y\":-111}",
      "stepType": "SWITCH",
      "inputMappings": [
        {
          "inputPort": "input",
          "mapping": "${397ebfad-6bfb-4d5c-a6fe-c47e7cfb310b.rql_status}"
        }
      ],
      "switchCases": [
        {
          "caseId": "d4510dbe-ced8-4b06-84f1-f10872e68946",
          "caseValue": "success"
        }
      ]
    },
    {
      "id": "3a61b6c0-3158-4e05-ac04-cb30eb7307d8",
      "label": "xMatters Create Event - RQL Results",
      "presentation": "{\"w\":60,\"x\":395,\"h\":60,\"y\":24}",
      "step": "091693ed-3d5c-43e7-b898-92c7ffe2b5b7",
      "stepType": "CREATE_EVENT",
      "inputMappings": [
        {
          "inputPort": "input",
          "mapping": "${397ebfad-6bfb-4d5c-a6fe-c47e7cfb310b.rql_status}",
          "sectionItemKey": "89c1eed2-1531-4ec2-aa21-4e08c030ed7f"
        },
        {
          "inputPort": "input",
          "mapping": "${dde32b80-27b8-4f78-9d0c-ae0dc3e08772.rql_rowcount}",
          "sectionItemKey": "a109e3c9-56d4-400a-966b-7d905b332464"
        },
        {
          "inputPort": "input",
          "mapping": "${dde32b80-27b8-4f78-9d0c-ae0dc3e08772.rql_executionTime}",
          "sectionItemKey": "cc757aa3-2b14-40c4-ad6a-d9788320959d"
        },
        {
          "inputPort": "input",
          "mapping": "${dde32b80-27b8-4f78-9d0c-ae0dc3e08772.rql_selectionColumns}",
          "sectionItemKey": "1f9241de-f5e3-4e1c-b82b-fbb1c6eaf14e"
        },
        {
          "inputPort": "input",
          "mapping": "${dde32b80-27b8-4f78-9d0c-ae0dc3e08772.rql_columns}",
          "sectionItemKey": "536096be-2897-42c1-90eb-4ad561c862df"
        },
        {
          "inputPort": "input",
          "mapping": "${397ebfad-6bfb-4d5c-a6fe-c47e7cfb310b.rql_query_string}",
          "sectionItemKey": "fe56eadf-f8fc-4e2b-ae20-1b594f4d684d"
        },
        {
          "inputPort": "input",
          "mapping": "${dde32b80-27b8-4f78-9d0c-ae0dc3e08772.rql_errors}",
          "sectionItemKey": "e6e7c080-7c2a-44ed-8b1b-996606c78a43"
        },
        {
          "inputPort": "input",
          "mapping": "${triggerOutputRESPONSE.respondedTo.by.targetName}",
          "sectionItemKey": "recipients"
        },
        {
          "inputPort": "input",
          "mapping": "${397ebfad-6bfb-4d5c-a6fe-c47e7cfb310b.rql_results}",
          "sectionItemKey": "e484d224-1c44-4ee7-b8a0-c8f9663c57ef"
        },
        {
          "inputPort": "input",
          "mapping": "${397ebfad-6bfb-4d5c-a6fe-c47e7cfb310b.rql_id}",
          "sectionItemKey": "08c95ba6-ef1a-4fff-a9a2-1ca81c4bd871"
        },
        {
          "inputPort": "input",
          "mapping": "${dde32b80-27b8-4f78-9d0c-ae0dc3e08772.rql_row}",
          "sectionItemKey": "6ef435c7-718b-4aed-b48b-5a875cb572d4"
        },
        {
          "inputPort": "input",
          "mapping": "${dde32b80-27b8-4f78-9d0c-ae0dc3e08772.rql_warnings}",
          "sectionItemKey": "3ccf9917-0ee1-4b80-8116-6d32c99bbbfe"
        }
      ]
    },
    {
      "id": "8762bc02-d94c-4995-9a13-094de963806b",
      "label": "xMatters Create Event - RQL Results Not Ready",
      "presentation": "{\"w\":60,\"x\":395,\"h\":60,\"y\":174}",
      "step": "34a2afb8-ac08-4628-a3f3-4e94e4e9bc8a",
      "stepType": "CREATE_EVENT",
      "inputMappings": [
        {
          "inputPort": "input",
          "mapping": "${397ebfad-6bfb-4d5c-a6fe-c47e7cfb310b.rql_id}",
          "sectionItemKey": "08c95ba6-ef1a-4fff-a9a2-1ca81c4bd871"
        },
        {
          "inputPort": "input",
          "mapping": "${dde32b80-27b8-4f78-9d0c-ae0dc3e08772.rql_errors}",
          "sectionItemKey": "e6e7c080-7c2a-44ed-8b1b-996606c78a43"
        },
        {
          "inputPort": "input",
          "mapping": "${triggerOutputRESPONSE.respondedTo.by.targetName}",
          "sectionItemKey": "recipients"
        },
        {
          "inputPort": "input",
          "mapping": "${397ebfad-6bfb-4d5c-a6fe-c47e7cfb310b.rql_status}",
          "sectionItemKey": "89c1eed2-1531-4ec2-aa21-4e08c030ed7f"
        }
      ]
    }
  ],
  "edges": [
    {
      "fromBlock": "947e392f-05b2-4189-8e11-c113ba782ed4",
      "fromPort": "output",
      "toBlock": "397ebfad-6bfb-4d5c-a6fe-c47e7cfb310b",
      "toPort": "input"
    },
    {
      "fromBlock": "dde32b80-27b8-4f78-9d0c-ae0dc3e08772",
      "fromPort": "output",
      "toBlock": "722c914c-5a9c-4486-9e25-5825756fb768",
      "toPort": "input"
    },
    {
      "fromBlock": "397ebfad-6bfb-4d5c-a6fe-c47e7cfb310b",
      "fromPort": "output",
      "toBlock": "dde32b80-27b8-4f78-9d0c-ae0dc3e08772",
      "toPort": "input"
    },
    {
      "fromBlock": "722c914c-5a9c-4486-9e25-5825756fb768",
      "fromPort": "output",
      "toBlock": "8762bc02-d94c-4995-9a13-094de963806b",
      "toPort": "input"
    },
    {
      "fromBlock": "722c914c-5a9c-4486-9e25-5825756fb768",
      "fromPort": "d4510dbe-ced8-4b06-84f1-f10872e68946",
      "toBlock": "3a61b6c0-3158-4e05-ac04-cb30eb7307d8",
      "toPort": "input"
    }
  ]
}