{
  "integrations": [
    {
      "id": "691660f5-50db-411e-b933-db2f59b77205",
      "name": "Create New RQL Job - GET RESULTS",
      "action": "RUN_SCRIPT",
      "type": "OUTBOUND_WEBHOOK",
      "triggeredBy": "RESPONSE",
      "responseChoice": "GET RESULTS",
      "deployed": true,
      "form": "87b86e40-08c9-4a42-8473-105ad041b04a",
      "environment": "HOSTED",
      "authType": "NONE",
      "createdBy": "FLOW"
    },
    {
      "id": "ed673e46-c978-4d19-abdf-56aed8ab6387",
      "name": "Rollbar Alert - ASSIGN",
      "action": "RUN_SCRIPT",
      "type": "OUTBOUND_WEBHOOK",
      "triggeredBy": "RESPONSE",
      "responseChoice": "ASSIGN",
      "deployed": true,
      "form": "138e31ee-0b54-48e9-80e7-d928742834a3",
      "environment": "HOSTED",
      "authType": "NONE",
      "createdBy": "FLOW"
    },
    {
      "id": "87793202-4dd5-49c9-82f0-bcce2bacc358",
      "name": "Rollbar Alert - ESCALATE",
      "action": "RUN_SCRIPT",
      "type": "OUTBOUND_WEBHOOK",
      "triggeredBy": "RESPONSE",
      "responseChoice": "ESCALATE",
      "deployed": true,
      "form": "138e31ee-0b54-48e9-80e7-d928742834a3",
      "environment": "HOSTED",
      "authType": "NONE",
      "createdBy": "FLOW"
    },
    {
      "id": "c38158b9-3b79-437b-bd1d-75bfca940343",
      "name": "Rollbar Alert - GET DEPLOY",
      "action": "RUN_SCRIPT",
      "type": "OUTBOUND_WEBHOOK",
      "triggeredBy": "RESPONSE",
      "responseChoice": "GET DEPLOY",
      "deployed": true,
      "form": "138e31ee-0b54-48e9-80e7-d928742834a3",
      "environment": "HOSTED",
      "authType": "NONE",
      "createdBy": "FLOW"
    },
    {
      "id": "7e96b2bb-f5df-4d0e-b03d-2e75bd5a5740",
      "name": "Rollbar Alert - MUTE",
      "action": "RUN_SCRIPT",
      "type": "OUTBOUND_WEBHOOK",
      "triggeredBy": "RESPONSE",
      "responseChoice": "MUTE",
      "deployed": true,
      "form": "138e31ee-0b54-48e9-80e7-d928742834a3",
      "environment": "HOSTED",
      "authType": "NONE",
      "createdBy": "FLOW"
    },
    {
      "id": "b3d88585-36d0-4806-a80d-4c9016cc4fd1",
      "name": "Rollbar Alert - RESOLVE",
      "action": "RUN_SCRIPT",
      "type": "OUTBOUND_WEBHOOK",
      "triggeredBy": "RESPONSE",
      "responseChoice": "RESOLVE",
      "deployed": true,
      "form": "138e31ee-0b54-48e9-80e7-d928742834a3",
      "environment": "HOSTED",
      "authType": "NONE",
      "createdBy": "FLOW"
    },
    {
      "id": "936365a9-19fb-4f89-9611-9fd74f511e90",
      "name": "Rollbar Alert - RESUME",
      "action": "RUN_SCRIPT",
      "type": "OUTBOUND_WEBHOOK",
      "triggeredBy": "RESPONSE",
      "responseChoice": "RESUME",
      "deployed": true,
      "form": "138e31ee-0b54-48e9-80e7-d928742834a3",
      "environment": "HOSTED",
      "authType": "NONE",
      "createdBy": "FLOW"
    },
    {
      "id": "f9f827db-e19f-4b0e-a3de-a1ceb3dcdfce",
      "name": "Rollbar Alert - Rollbar",
      "action": "RUN_SCRIPT",
      "type": "INBOUND_WEBHOOK",
      "deployed": true,
      "form": "138e31ee-0b54-48e9-80e7-d928742834a3",
      "environment": "HOSTED",
      "authType": "URL",
      "createdBy": "FLOW",
      "integrationScriptStepUuid": "91f7962e-d620-4ba7-a94a-ec9878fd2b9f"
    },
    {
      "id": "6ea2bd9c-98e3-4e44-a93e-26700c4bb089",
      "name": "Rollbar Alert - Rollbar 2",
      "action": "RUN_SCRIPT",
      "type": "INBOUND_WEBHOOK",
      "deployed": true,
      "form": "138e31ee-0b54-48e9-80e7-d928742834a3",
      "environment": "HOSTED",
      "authType": "URL",
      "createdBy": "FLOW",
      "integrationScriptStepUuid": "91f7962e-d620-4ba7-a94a-ec9878fd2b9f"
    },
    {
      "id": "0fba684d-f170-49e3-93c5-884577c9ddf8",
      "name": "Rollbar Alert - RUN RQL",
      "action": "RUN_SCRIPT",
      "type": "OUTBOUND_WEBHOOK",
      "triggeredBy": "RESPONSE",
      "responseChoice": "RUN RQL",
      "deployed": true,
      "form": "138e31ee-0b54-48e9-80e7-d928742834a3",
      "environment": "HOSTED",
      "authType": "NONE",
      "createdBy": "FLOW"
    },
    {
      "id": "63586cd9-f69f-498c-803b-1f9074d24a31",
      "name": "RQL Results Not Ready - GET RESULTS",
      "action": "RUN_SCRIPT",
      "type": "OUTBOUND_WEBHOOK",
      "triggeredBy": "RESPONSE",
      "responseChoice": "GET RESULTS",
      "deployed": true,
      "form": "34a2afb8-ac08-4628-a3f3-4e94e4e9bc8a",
      "environment": "HOSTED",
      "authType": "NONE",
      "createdBy": "FLOW"
    }
  ],
  "endpoints": [
    {
      "name": "Rollbar",
      "baseUrl": "https://api.rollbar.com",
      "type": "EXTERNAL",
      "authentication": "NO_AUTH"
    }
  ],
  "constants": [
    {
      "name": "Rollbar Account Read",
      "description": "Rollbar Access Token for \"Write\""
    },
    {
      "name": "Rollbar Read",
      "description": "Rollbar Access Token for"
    },
    {
      "name": "Rollbar Write",
      "description": "Rollbar Access Token for"
    },
    {
      "name": "RQL Query String 01",
      "value": "select * from item_occurrence where item.counter=1",
      "description": "A query string to use with Run RQL Response Option."
    }
  ]
}