[
  {
    "id": "ee53b908-ce55-4add-80ea-84600f82cff4",
    "name": "Change the Status of all Events",
    "description": "",
    "icon": "http://s3-xmatters-static.s3.amazonaws.com/null/customers/8d580702-986e-4de3-873d-3a75b8073b42/IMAGE__20190509202204028__xmatters.png",
    "script": "var resp = \"\";\nfor (var id in input['eventIDs']){\n    \n    var apiRequest = http.request({\n        'endpoint': 'xMatters',\n        'path': '/api/xm/1/events/',\n        'method': 'POST'\n    });\n    data = {};\n    data.id = input['eventIDs'][id];\n    data.status = input['status'];\n    \n    var apiResponse = apiRequest.write(data);\n    \n    resp = resp +  apiResponse.statusCode + \": \" + input['eventIDs'][id] + \", \";\n \n    output['statusCode'] = resp; \n    \n}",
    "endpointLabel": "xMatters",
    "allowedEnvironment": "HOSTED",
    "accessibleByAll": "NotShared",
    "scriptStepType": "USER",
    "inputs": [
      {
        "id": "ff698e55-cb3c-4101-83a6-f207df9f50e8",
        "name": "eventIDs",
        "helpText": "The unique identifier or event number of the event to suspend, resume, or terminate. Examples: “24abd4c0-bff3-4381-9f84-678580b24428” “408005”",
        "defaultValue": "",
        "multiline": false,
        "required": false,
        "validationRegex": "",
        "maxLength": 2000,
        "minLength": 0,
        "position": 0
      },
      {
        "id": "c4477326-ab72-410a-8ea9-f70daaf76c0a",
        "name": "status",
        "helpText": "The new status of the event. Valid values include the following: \"ACTIVE\", \"SUSPENDED\", \"TERMINATED\"",
        "defaultValue": "",
        "multiline": false,
        "required": false,
        "validationRegex": "",
        "maxLength": 2000,
        "minLength": 0,
        "position": 1
      }
    ],
    "outputs": [
      {
        "id": "6edc99f8-ff0c-48b6-8bb7-d8220120dd49",
        "name": "statusCode",
        "description": "",
        "position": 0
      }
    ]
  },
  {
    "id": "e6b1c22e-ef4c-4184-b358-563605e0b3d5",
    "name": "Get Events",
    "description": "Returns a list of events.",
    "icon": "http://s3-xmatters-static.s3.amazonaws.com/null/customers/8d580702-986e-4de3-873d-3a75b8073b42/IMAGE__20190509202204028__xmatters.png",
    "script": "if (input['status'] !== undefined){\n    \n    var stats = \"status=\" + input['status'];\n}\nelse{\n    \n    var stats = \"\"; \n}\nif (input['planName'] !== undefined){\n    \n    var planName = \"&planName=\" + input['planName'];\n}\nelse{\n    \n    var planName = \"\"; \n}\nif (input['propertyName'] !== undefined && input['propertyValue'] !== undefined) {\n\n        var propertyName = \"&propertyName=\" + input['propertyName'];\n        var propertyValue = \"&propertyValue=\" + input['propertyValue'];\n  \n}\nelse {\n    \n      var propertyName = \"\"; \n      var propertyValue = \"\"; \n}\n\n\n\n\n\nvar apiRequest = http.request({\n    'endpoint': 'xMatters',\n    'path': '/api/xm/1/events?' + stats + planName + propertyName + propertyValue,\n    'method': 'GET'\n});\nvar apiResponse = apiRequest.write();\n\noutput['statusCode'] = apiResponse.statusCode;  \nvar events = [];\nif (apiResponse.statusCode == 200) {\n    \n    var response = JSON.parse(apiResponse.body);\n \n    for (var e in response.data){\n        \n      events.push(response.data[e].id );\n      \n    }\n    \n    output['eventIds'] = events;\n  \n}",
    "endpointLabel": "xMatters",
    "allowedEnvironment": "HOSTED",
    "accessibleByAll": "NotShared",
    "scriptStepType": "USER",
    "inputs": [
      {
        "id": "9c81c007-e142-41ee-b445-fb25c8d132a5",
        "name": "status",
        "helpText": "",
        "defaultValue": "",
        "multiline": false,
        "required": false,
        "validationRegex": "",
        "maxLength": 2000,
        "minLength": 0,
        "position": 0
      },
      {
        "id": "a8be6148-e7a5-4004-a298-4b1ff1b3761e",
        "name": "planName",
        "helpText": "",
        "defaultValue": "",
        "multiline": false,
        "required": false,
        "validationRegex": "",
        "maxLength": 2000,
        "minLength": 0,
        "position": 1
      },
      {
        "id": "bef712b7-8634-41c3-88cd-62a63b00749f",
        "name": "propertyName",
        "helpText": "Comma separated list of property names to search values against.",
        "defaultValue": "",
        "multiline": false,
        "required": false,
        "validationRegex": "",
        "maxLength": 2000,
        "minLength": 0,
        "position": 2
      },
      {
        "id": "ba20463a-7610-4d9d-b755-09ba722a30dd",
        "name": "propertyValue",
        "helpText": "Comma separated list of property values to search against.",
        "defaultValue": "",
        "multiline": false,
        "required": false,
        "validationRegex": "",
        "maxLength": 2000,
        "minLength": 0,
        "position": 3
      }
    ],
    "outputs": [
      {
        "id": "96d09a64-127d-4030-9138-2830223bce6e",
        "name": "eventIds",
        "description": "",
        "position": 0
      }
    ]
  },
  {
    "id": "91f7962e-d620-4ba7-a94a-ec9878fd2b9f",
    "name": "Rollbar",
    "description": "",
    "icon": "http://s3-xmatters-static.s3.amazonaws.com/null/customers/8d580702-986e-4de3-873d-3a75b8073b42/IMAGE__20190829183742904__rollbar.png",
    "script": "\r\n// COnvert Unix Time to user Friendly time\r\nfunction timeConverter(UNIX_timestamp){\r\n  var a = new Date(UNIX_timestamp * 1000);\r\n  var months = ['Jan','Feb','Mar','Apr','May','Jun','Jul','Aug','Sep','Oct','Nov','Dec'];\r\n  var year = a.getFullYear();\r\n  var month = months[a.getMonth()];\r\n  var date = a.getDate();\r\n  var hour = a.getHours();\r\n  var min = a.getMinutes();\r\n  var sec = a.getSeconds();\r\n  var time = date + ' ' + month + ' ' + year + ' ' + hour + ':' + min + ':' + sec ;\r\n  return time;\r\n}\r\n\r\n\r\n// This function helps us with changing structure of object depending on type of event. \r\n//It allows up to set a path and access it without duplicating code.\r\nfunction getDescendantProp(obj, desc) {\r\n    var arr = desc.split(\".\");\r\n    while(arr.length && (obj = obj[arr.shift()]));\r\n    return obj;\r\n}\r\n\r\n\r\n/**\r\n* Parse the request body (which contains a JSON object) and extract the payload data.\r\n*/\r\nvar payload = JSON.parse(request.body);\r\noutput['payload'] = payload;\r\n\r\n\r\noutput['project'] = payload.data.url.split('/')[4].split('/')[0];\r\noutput['event_name'] = payload.event_name;\r\noutput['event_type'] = payload.event_name.replace(/_/g,\" \");\r\noutput['url'] =  payload.data.url.split(\"/occurrences/\")[0];\r\noutput['occurrence_url'] = payload.data.url;\r\n\r\n\r\n    if (typeof payload.data.item.public_item_id !== 'undefined') {\r\n    output['item.public_item_id'] = payload.data.item.public_item_id;\r\n    }\r\n    if (typeof payload.data.item.integrations_data !== 'undefined') {\r\n    output['item.integrations_data'] = payload.data.item.integrations_data;\r\n    }\r\n    if (typeof payload.data.item.level_lock !== 'undefined') {\r\n    output['item.level_lock'] = payload.data.item.level_lock;\r\n    }\r\n    if (typeof payload.data.item.last_activated_timestamp !== 'undefined') {\r\n    output['item.last_activated_timestamp'] = timeConverter(payload.data.item.last_activated_timestamp);\r\n    }\r\n\r\n\r\n\r\n    if (payload.data.item.assigned_user_id !== null){\r\n        output['item.assigned_user_id'] = payload.data.item.assigned_user_id;\r\n    }\r\n    else {\r\n        output['item.assigned_user_id'] = \"\";    \r\n    }\r\n    \r\n    \r\n    if (typeof payload.data.item.group_status !== 'undefined') {\r\n    output['item.group_status'] = payload.data.item.group_status;\r\n    }\r\n    if (typeof payload.data.item.hash !== 'undefined') {\r\n    output['item.hash'] = payload.data.item.hash;\r\n    }\r\n    if (typeof  payload.data.item.id !== 'undefined') {\r\n    output['item.id'] = payload.data.item.id;\r\n    }\r\n    if (typeof payload.data.item.environment !== 'undefined') {\r\n    output['item.environment'] = payload.data.item.environment;\r\n    }\r\n    if (typeof  payload.data.item.title_lock !== 'undefined') {\r\n    output['item.title_lock'] = payload.data.item.title_lock;\r\n    }\r\n    if (typeof  payload.data.item.title !== 'undefined') {\r\n    output['item.title'] = payload.data.item.title;\r\n    }\r\n    if (typeof payload.data.item.last_occurrence_id !== 'undefined') {\r\n    output['item.last_occurrence_id'] = payload.data.item.last_occurrence_id;\r\n    }\r\n    if (typeof payload.data.item.last_occurrence_timestamp !== 'undefined') {\r\n    output['item.last_occurrence_timestamp'] = timeConverter(payload.data.item.last_occurrence_timestamp);\r\n    }\r\n    if (typeof payload.data.item.platform !== 'undefined') {\r\n    output['item.platform'] = payload.data.item.platform;\r\n    }\r\n    if (typeof payload.data.item.first_occurrence_timestamp !== 'undefined') {\r\n    output['item.first_occurrence_timestamp'] = timeConverter(payload.data.item.first_occurrence_timestamp);\r\n    }\r\n    if (typeof payload.data.item.project_id !== 'undefined') {\r\n    output['item.project_id'] = payload.data.item.project_id;\r\n    }\r\n    if (typeof payload.data.item.resolved_in_version !== 'undefined') {\r\n    output['item.resolved_in_version'] = payload.data.item.resolved_in_version;\r\n    }\r\n    if (typeof payload.data.item.status !== 'undefined') {\r\n    output['item.status'] = payload.data.item.status;\r\n    }\r\n    if (typeof payload.data.item.unique_occurrences !== 'undefined') {\r\n    output['item.unique_occurrences'] = payload.data.item.unique_occurrences;\r\n    }\r\n    if (typeof payload.data.item.group_item_id !== 'undefined') {\r\n    output['item.group_item_id'] = payload.data.item.group_item_id;\r\n    }\r\n    if (typeof payload.data.item.framework !== 'undefined') {\r\n    output['item.framework'] = payload.data.item.framework;\r\n    }\r\n    if (typeof payload.data.item.total_occurrences !== 'undefined') {\r\n    output['item.total_occurrences'] = payload.data.item.total_occurrences;\r\n    }\r\n    if (typeof payload.data.item.level !== 'undefined') {\r\n    output['item.level'] = payload.data.item.level;\r\n    }\r\n    if (typeof payload.data.item.counter !== 'undefined') {\r\n    output['item.counter'] = payload.data.item.counter;\r\n    }\r\n    if (typeof payload.data.item.last_modified_by !== 'undefined') {\r\n    output['item.last_modified_by'] = payload.data.item.last_modified_by;\r\n    }\r\n    if (typeof payload.data.item.first_occurrence_id !== 'undefined') {\r\n    output['item.first_occurrence_id'] = payload.data.item.first_occurrence_id;\r\n    }\r\n    if (typeof payload.data.item.activating_occurrence_id !== 'undefined') {\r\n    output['item.activating_occurrence_id'] = payload.data.item.activating_occurrence_id;\r\n    }\r\n \r\n \r\n\r\n  var var_occurrence = \"\";\r\nswitch(payload.event_name) {\r\n  case \"occurrence\":\r\n    //['data']['occurrence']\r\n    var var_occurrence = payload.data.occurrence;\r\n    console.log(\" the occurrence var_occurrence \" + JSON.stringify(var_occurrence));\r\n    break;\r\n\r\n//new_item, resolved_item, reopened_item, reactivated_item, \r\n  default:\r\n   // payload.data.item.last_occurrence\r\n    var var_occurrence = payload.data.item.last_occurrence;\r\n    console.log(\" the other var_occurrence \" + JSON.stringify(var_occurrence));\r\n    break;\r\n}\r\n\r\n\r\n\r\n\r\n//payload.data.item[var_occurrence]\r\n\r\nif (var_occurrence){\r\n  \r\n        \r\n    // Option 1: \"trace\"\r\n    if (typeof var_occurrence.body.trace  !== 'undefined') {\r\n        output['occurrence.body.trace.frames'] = var_occurrence.body.trace.frames;\r\n        output['occurrence.body.trace.exception.message'] = var_occurrence.body.trace.exception.message;\r\n        output['occurrence.body.trace.exception.class'] = var_occurrence.body.trace.exception.class;\r\n        output['occurrence.body.trace.exception.description'] = var_occurrence.body.trace.exception.description;\r\n      \r\n        var friendly_trace_chain = \"\";\r\n                \r\n        for (var f in var_occurrence.body.trace.frames) {\r\n\r\n            if (var_occurrence.body.trace.frames[f].lineno !== 'undefined'){\r\n                 var line = \", line <strong>\" + var_occurrence.body.trace.frames[f].lineno + \"</strong>\";\r\n            }\r\n            if (var_occurrence.body.trace.frames[f].method !== 'undefined'){\r\n                \r\n                 var method =  \", in <strong>\" +  var_occurrence.body.trace.frames[f].method + \"</strong>\";\r\n            }\r\n        \r\n            friendly_trace_chain = friendly_trace_chain + \"<strong>File</strong>: \" + var_occurrence.body.trace.frames[f].filename + line + method + \"\\n\";\r\n\r\n            var last = parseInt(var_occurrence.body.trace.frames.length, 10)  - 1;\r\n            if (last == f){\r\n                friendly_trace_chain  = friendly_trace_chain + \"<strong>\" + var_occurrence.body.trace.exception.class + \"</strong>:<i> \" + var_occurrence.body.trace.exception.message + \"</i>\\n\\n\";\r\n            }            \r\n      \r\n        }  \r\n\r\n        output['friendly_trace_chain'] = friendly_trace_chain;\r\n        output['occurrence.body.message.body'] = var_occurrence.body.trace.exception.class + \":<i> \" + var_occurrence.body.trace.exception.description + \"</i>\";\r\n    }   \r\n    \r\n  \r\n      \r\n // Option 2: \"trace_chain\"\r\n    //var_occurrence.body.trace_chain\r\n    if (typeof var_occurrence.body.trace_chain !== 'undefined') {\r\n      \r\n        output['occurrence.body.trace_chain'] =  var_occurrence.body.trace_chain;\r\n          \r\n         var friendly_trace_chain = \"\";\r\n                \r\n            for (var t in var_occurrence.body.trace_chain) {    \r\n                \r\n                for (var f in var_occurrence.body.trace_chain[t].frames) {\r\n\r\n                    if (var_occurrence.body.trace_chain[t].frames[f].lineno !== 'undefined'){\r\n                         var line = \", line <strong>\" + var_occurrence.body.trace_chain[t].frames[f].lineno + \"</strong>\";\r\n                    }\r\n                    if (var_occurrence.body.trace_chain[t].frames[f].method !== 'undefined'){\r\n                         var method =  \", in <strong>\" +  var_occurrence.body.trace_chain[t].frames[f].method + \"</strong>\";\r\n                    }\r\n                \r\n                    friendly_trace_chain = friendly_trace_chain + \"<strong>File</strong>: \" + var_occurrence.body.trace_chain[t].frames[f].filename + line + method + \"\\n\";\r\n  \r\n                    var last = parseInt(var_occurrence.body.trace_chain[t].frames.length, 10)  - 1;\r\n                    if (last == f){\r\n                        friendly_trace_chain  = friendly_trace_chain + \"<strong>\" + var_occurrence.body.trace_chain[t].exception.class + \"</strong>:<i> \" + var_occurrence.body.trace_chain[t].exception.message + \"</i>\\n\\n\";\r\n                    }            \r\n              \r\n                }  \r\n              \r\n            }   \r\n            \r\n        output['friendly_trace_chain'] = friendly_trace_chain;\r\n        output['occurrence.body.message.body'] = var_occurrence.body.trace_chain[0].exception.class + \":<i> \" + var_occurrence.body.trace_chain[0].exception.description + \"</i>\";\r\n\r\n      \r\n    }   \r\n    \r\n    \r\n     // Option 3: \"message\"\r\n    if (typeof var_occurrence.body.message !== 'undefined') {\r\n        \r\n        if (typeof var_occurrence.body.message.body !== 'undefined') {\r\n        output['occurrence.body.message.body'] = var_occurrence.body.message.body;\r\n        }\r\n         if (typeof var_occurrence.body.message.route !== 'undefined') {\r\n        output['occurrence.body.message.route'] = var_occurrence.body.message.route;\r\n        }\r\n        if (typeof var_occurrence.body.message.time_elapsed !== 'undefined') {\r\n        output['occurrence.body.message.time_elapsed'] = var_occurrence.body.message.time_elapsed;\r\n        }\r\n        \r\n        output['friendly_trace_chain'] = \"none\";\r\n    }\r\n    \r\n    \r\n    \r\n    // Option 4: \"crash_report\"\r\n    if (typeof var_occurrence.body.crash_report !== 'undefined') {\r\n        output['occurrence.body.crash_report.raw'] = var_occurrence.body.crash_report.raw;\r\n        output['occurrence.body.message.body'] = var_occurrence.body.crash_report.raw;\r\n        output['friendly_trace_chain'] = \"none\";\r\n    }   \r\n    \r\n    \r\n// Occurrence Values\r\n    if (typeof var_occurrence.environment !== 'undefined') {\r\n    output['occurrence.environment'] = var_occurrence.environment;\r\n    }\r\n    if (typeof var_occurrence.uuid !== 'undefined') {\r\n    output['occurrence.uuid'] = var_occurrence.uuid;\r\n    }\r\n    \r\n    if (typeof var_occurrence.body.platform !== 'undefined') {\r\n    output['occurrence.platform'] = var_occurrence.body.platform;\r\n    }\r\n    if (typeof var_occurrence.body.framework !== 'undefined') {\r\n    output['occurrence.framework'] = var_occurrence.body.framework;\r\n    }\r\n    if (typeof var_occurrence.body.timestamp !== 'undefined') {\r\n    output['occurrence.timestamp'] = timeConverter(var_occurrence.body.timestamp);\r\n    }\r\n    if (typeof var_occurrence.body.fingerprint !== 'undefined') {\r\n    output['occurrence.fingerprint'] = var_occurrence.body.fingerprint;\r\n    }\r\n    if (typeof var_occurrence.body.notifier !== 'undefined') {\r\n        \r\n         if (typeof var_occurrence.body.notifier.version !== 'undefined') {\r\n         output['occurrence.notifier.version'] = var_occurrence.body.notifier.version;\r\n         }\r\n \r\n         if (typeof var_occurrence.body.notifier.name !== 'undefined') {\r\n        output['occurrence.notifier.name'] = var_occurrence.body.notifier.name;\r\n         }\r\n    }\r\n    if (typeof var_occurrence.body.context !== 'undefined') {\r\n    output['occurrence.context'] = var_occurrence.body.context;\r\n    }\r\n    if (typeof var_occurrence.body.language !== 'undefined') {\r\n    output['occurrence.language'] = var_occurrence.body.language;\r\n    }\r\n    if (typeof var_occurrence.body.level !== 'undefined') {\r\n    output['occurrence.level'] = var_occurrence.body.level;\r\n    }\r\n    if (typeof var_occurrence.body.timestamp !== 'undefined') {\r\n    output['occurrence.timestamp'] = timeConverter(var_occurrence.body.timestamp);\r\n    }\r\n    if (typeof var_occurrence.body.code_version !== 'undefined') {\r\n    output['occurrence.code_version'] = var_occurrence.body.code_version;\r\n    }\r\n    if (typeof var_occurrence.body.code_version !== 'undefined') {\r\n    output['occurrence.title'] = var_occurrence.body.title;\r\n    }\r\n\r\n}\r\n\r\n// Occurrence telemetry\r\nif (var_occurrence.body.telemetry) {\r\n    output['occurrence.telemetry.source'] = var_occurrence.body.telemetry[0].source;\r\n    output['occurrence.telemetry.timestamp_ms'] = timeConverter(var_occurrence.body.telemetry[0].timestamp_ms);\r\n    output['occurrence.telemetry.type'] = var_occurrence.body.telemetry[0].type;\r\n    output['occurrence.telemetry.level'] = var_occurrence.body.telemetry[0].level;\r\n  \r\n    if (typeof var_occurrence.body.telemetry[0].body.end_timestamp_ms !== 'undefined') {\r\n    output['occurrence.telemetry.body.end_timestamp_ms'] = timeConverter(var_occurrence.body.telemetry[0].body.end_timestamp_ms);\r\n    }\r\n    \r\n    if (typeof var_occurrence.body.telemetry[0].body.url !== 'undefined') {\r\n    output['occurrence.telemetry.body.url'] = var_occurrence.body.telemetry[0].body.url;\r\n    }\r\n    \r\n    if (typeof var_occurrence.body.telemetry[0].body.status_code !== 'undefined') {\r\n    output['occurrence.telemetry.body.status_code'] = var_occurrence.body.telemetry[0].body.status_code;\r\n    }\r\n    \r\n    if (typeof var_occurrence.body.telemetry[0].body.start_timestamp_ms !== 'undefined') {\r\n    output['occurrence.telemetry.body.start_timestamp_ms'] = timeConverter(var_occurrence.body.telemetry[0].body.start_timestamp_ms);\r\n    }\r\n    \r\n    if (typeof var_occurrence.body.telemetry[0].body.subtype !== 'undefined') {\r\n    output['occurrence.telemetry.body.subtype'] = var_occurrence.body.telemetry[0].body.subtype;\r\n    }\r\n    \r\n    if (typeof var_occurrence.body.telemetry[0].body.method !== 'undefined') {\r\n    output['occurrence.telemetry.body.method'] = var_occurrence.body.telemetry[0].body.method;\r\n    }\r\n}\r\n\r\n// Occurrence request\r\nif (var_occurrence.body.request) {\r\n    \r\n    if (typeof var_occurrence.body.request.body !== 'undefined') {\r\n    output['occurrence.request.body'] = var_occurrence.body.request.body;\r\n    }\r\n    if (typeof var_occurrence.body.request.GET !== 'undefined') {\r\n    output['occurrence.request.GET'] = var_occurrence.body.request.GET;\r\n    }\r\n    if (typeof var_occurrence.body.request.url !== 'undefined') {\r\n    output['occurrence.request.url'] = var_occurrence.body.request.url;\r\n    }\r\n    if (typeof var_occurrence.body.request.user_ip !== 'undefined') {\r\n    output['occurrence.request.user_ip'] = var_occurrence.body.request.user_ip;\r\n    }\r\n    if (typeof var_occurrence.body.request.headers !== 'undefined') {\r\n    output['occurrence.request.headers'] = var_occurrence.body.request.headers;\r\n    }\r\n    if (typeof var_occurrence.body.request.params !== 'undefined') {\r\n    output['occurrence.request.params'] = var_occurrence.body.request.params;\r\n    }\r\n    if (typeof var_occurrence.body.request.query_string !== 'undefined') {\r\n    output['occurrence.request.query_string'] = var_occurrence.body.request.query_string;\r\n    }\r\n    if (typeof var_occurrence.body.request.POST !== 'undefined') {\r\n    output['occurrence.request.POST'] = var_occurrence.body.request.POST;\r\n    }\r\n    if (typeof var_occurrence.body.request.method !== 'undefined') {\r\n    output['occurrence.request.method'] = var_occurrence.body.request.method;\r\n    }\r\n\r\n}\r\n\r\n// Occurrence server\r\nif (var_occurrence.body.server) {\r\n\r\n    if (typeof var_occurrence.body.server.code_version !== 'undefined') {   \r\n    output['occurrence.server.code_version'] = var_occurrence.body.server.code_version;\r\n    }\r\n    if (typeof var_occurrence.body.server.sha !== 'undefined') {   \r\n    output['occurrence.server.sha'] = var_occurrence.body.server.sha;\r\n    }\r\n    if (typeof var_occurrence.body.server.host !== 'undefined') {  \r\n    output['occurrence.server.host'] = var_occurrence.body.server.host;\r\n    }\r\n    if (typeof var_occurrence.body.server.branch !== 'undefined') {  \r\n    output['occurrence.server.branch'] = var_occurrence.body.server.branch;\r\n    }\r\n    if (typeof var_occurrence.body.server.root !== 'undefined') {  \r\n    output['occurrence.server.root'] = var_occurrence.body.server.root;\r\n    }\r\n    if (typeof var_occurrence.body.server.cpu !== 'undefined') {  \r\n    output['occurrence.server.cpu'] = var_occurrence.body.server.cpu;\r\n    }\r\n\r\n}\r\n\r\n// Occurrence person\r\nif (var_occurrence.body.person) {\r\n\r\n    if (typeof var_occurrence.body.person.username !== 'undefined') {  \r\n    output['occurrence.person.username'] = var_occurrence.body.person.username;\r\n    }\r\n    if (typeof var_occurrence.body.person.id !== 'undefined') {  \r\n    output['occurrence.person.id'] = var_occurrence.body.person.id;\r\n    }\r\n    if (typeof var_occurrence.body.person.email !== 'undefined') {  \r\n    output['occurrence.person.email'] = var_occurrence.body.person.email;\r\n    }\r\n\r\n}\r\n\r\n// Occurrence client\r\nif (var_occurrence.body.client) {\r\n\r\n    if (typeof var_occurrence.body.client.javascript !== 'undefined') {  \r\n    output['occurrence.client.javascript'] = var_occurrence.body.client.javascript;\r\n    }\r\n    if (typeof var_occurrence.body.client.cpu !== 'undefined') {  \r\n    output['occurrence.client.cpu'] = var_occurrence.body.client.cpu;\r\n    }\r\n}\r\n\r\n\r\n\r\n\r\n\r\n\r\n// Get Request URL Parameters\r\nvar parameters = request.parameters;\r\n\r\n// Map any custom URL parameters added to the inbound HTTP trigger URL below\r\n\r\n\r\nvar custom_recipient = [];\r\n\r\n//Get recipients from Rollbar \"custom\" element\r\nif (var_occurrence.body.custom){\r\n    if (var_occurrence.body.custom.recipient ){\r\n        custom_recipient.push(var_occurrence.body.custom.recipient);\r\n    }\r\n    \r\n        \r\n// Get any other custom values from rollbar\r\n// Below shows two examples. You can add your own here\r\n    \r\n//output['customValue01'] = var_occurrence.body.custom.Custom_Parameter01;\r\n//output['customValue02'] = var_occurrence.body.custom.Custom_Parameter02;\r\n        \r\n    \r\n}\r\n\r\n\r\n// Get recipients from any custom parameters added to http post trigger url in Rollbar Notification webhook\r\nif (parameters.recipient) {\r\n    custom_recipient.push(parameters.recipient);\r\n}\r\n\r\noutput['recipient'] = custom_recipient.join(\",\").replace(/^,/,\"\");\r\n  \r\n  \r\n\r\n// Get any custom parameters added to rollbar custom element item here\r\n// if (parameters.urlparameter) {\r\n// output['urlparameter'] = parameters.urlparameter;\r\n// }\r\n\r\n\r\n\r\n\r\n\r\n\r\n\r\n\r\n\r\n\r\n\r\n\r\n",
    "endpointLabel": "",
    "allowedEnvironment": "HOSTED",
    "accessibleByAll": "NotShared",
    "scriptStepType": "CUSTOM_HTTP",
    "inputs": [],
    "outputs": [
      {
        "id": "d1d3d9dd-a63c-4795-af89-c1f92835f175",
        "name": "event_name",
        "description": "",
        "position": 0
      },
      {
        "id": "eaf62374-3019-431c-957b-552b52ebe82e",
        "name": "url",
        "description": "",
        "position": 1
      },
      {
        "id": "18403c5c-3ce0-46c1-b106-6cd11e16681d",
        "name": "item.public_item_id",
        "description": "",
        "position": 2
      },
      {
        "id": "4101086d-ff2c-4014-8577-e9e02d8ed6fa",
        "name": "item.integrations_data",
        "description": "",
        "position": 3
      },
      {
        "id": "e9cf266b-932f-4b51-9762-1b45ea53b5f6",
        "name": "item.level_lock",
        "description": "",
        "position": 4
      },
      {
        "id": "df581984-47c2-4ef7-9cbe-955dcaa142e7",
        "name": "item.last_activated_timestamp",
        "description": "",
        "position": 5
      },
      {
        "id": "a0eac394-a681-4213-8e9d-153b59db07f3",
        "name": "item.assigned_user_id",
        "description": "",
        "position": 6
      },
      {
        "id": "954a39a6-63e8-43e6-8090-3d020fed00c8",
        "name": "item.group_status",
        "description": "",
        "position": 7
      },
      {
        "id": "d6cb07d0-1d38-418c-a20c-2fecbfb06a17",
        "name": "item.hash",
        "description": "",
        "position": 8
      },
      {
        "id": "419ab2a0-ff42-4557-a98f-57e17341342b",
        "name": "item.id",
        "description": "",
        "position": 9
      },
      {
        "id": "5993ca85-8501-4f34-baeb-d35b02c1ca2f",
        "name": "item.environment",
        "description": "",
        "position": 10
      },
      {
        "id": "4df88f40-c0fa-4e55-9d44-2ea1f9b6157b",
        "name": "item.title_lock",
        "description": "",
        "position": 11
      },
      {
        "id": "800796a7-6188-4321-8f08-5ba25820a670",
        "name": "item.title",
        "description": "",
        "position": 12
      },
      {
        "id": "1a4308cf-b11e-4f0d-8260-1339cb5972b0",
        "name": "item.last_occurrence_id",
        "description": "",
        "position": 13
      },
      {
        "id": "fc5aad84-1aea-42e8-8f33-f08b787b02de",
        "name": "item.last_occurrence_timestamp",
        "description": "",
        "position": 14
      },
      {
        "id": "6f7154f1-1f43-4af7-999a-0b1b8f369210",
        "name": "item.platform",
        "description": "",
        "position": 15
      },
      {
        "id": "ecfa85db-35c8-42fd-93b9-5aca0ebee7d7",
        "name": "item.first_occurrence_timestamp",
        "description": "",
        "position": 16
      },
      {
        "id": "386b6b73-5363-4a4b-a2c9-ef3ce49f3e84",
        "name": "item.project_id",
        "description": "",
        "position": 17
      },
      {
        "id": "0afb5e39-719d-41e0-9f04-b455990796fa",
        "name": "item.resolved_in_version",
        "description": "",
        "position": 18
      },
      {
        "id": "46136ee5-1796-4171-8b21-aad547f9657e",
        "name": "item.status",
        "description": "",
        "position": 19
      },
      {
        "id": "eb4a2135-4ad7-4c56-b9f8-392b7b16f07a",
        "name": "item.unique_occurrences",
        "description": "",
        "position": 20
      },
      {
        "id": "dc073637-d9dc-43e1-9931-d8dbe96fec6a",
        "name": "item.group_item_id",
        "description": "",
        "position": 21
      },
      {
        "id": "abd53b7f-6a2e-4631-b27f-1ad1366d3e36",
        "name": "item.framework",
        "description": "",
        "position": 22
      },
      {
        "id": "95ebfd00-bcc6-43ab-ac58-1734de6c9287",
        "name": "item.total_occurrences",
        "description": "",
        "position": 23
      },
      {
        "id": "3601ea45-f16f-4e60-8051-e4de2daede0f",
        "name": "item.level",
        "description": "",
        "position": 24
      },
      {
        "id": "c3eae339-f3d0-4104-b821-eafc05a91c7e",
        "name": "item.counter",
        "description": "",
        "position": 25
      },
      {
        "id": "675c44b9-b76f-4cc8-9628-a66b7dbc0722",
        "name": "item.last_modified_by",
        "description": "",
        "position": 26
      },
      {
        "id": "3e60dd0d-a598-41ac-9390-1e5f30b5f6e3",
        "name": "item.first_occurrence_id",
        "description": "",
        "position": 27
      },
      {
        "id": "f4ee94ec-71b2-43bc-aed4-32361664007c",
        "name": "item.activating_occurrence_id",
        "description": "",
        "position": 28
      },
      {
        "id": "21702c58-029d-433e-9a72-d18b77ba0302",
        "name": "occurrence.body.message.body",
        "description": "",
        "position": 29
      },
      {
        "id": "68e6b079-2d6a-4c57-b099-3fdcf4c1b83b",
        "name": "occurrence.environment",
        "description": "",
        "position": 30
      },
      {
        "id": "898bb56a-6421-4ec6-b7d7-f59b424fa873",
        "name": "occurrence.uuid",
        "description": "",
        "position": 31
      },
      {
        "id": "a356d6cb-15e8-44a9-bcd9-117384144f2e",
        "name": "occurrence.framework",
        "description": "",
        "position": 32
      },
      {
        "id": "300ae67f-ef94-49a7-944c-0fbef57aef86",
        "name": "occurrence.timestamp",
        "description": "",
        "position": 33
      },
      {
        "id": "69b9b6a4-1701-4b3e-b4e0-2f008771966d",
        "name": "project",
        "description": "",
        "position": 34
      },
      {
        "id": "032c31a3-2a22-4f6e-874d-e3c08570e3b3",
        "name": "occurrence_url",
        "description": "",
        "position": 35
      },
      {
        "id": "c4f98ed4-01f8-44cd-a5e3-043e4d6a9d47",
        "name": "event_type",
        "description": "",
        "position": 36
      },
      {
        "id": "d69101ca-f284-4dab-a6a3-eac42573ef81",
        "name": "recipient",
        "description": "",
        "position": 37
      },
      {
        "id": "ac59b2bd-5233-454e-8e4c-2cf9116f798b",
        "name": "occurrence.context",
        "description": "",
        "position": 38
      },
      {
        "id": "458c8aa7-28d7-4e81-af1a-c47af5e96257",
        "name": "occurrence.language",
        "description": "",
        "position": 39
      },
      {
        "id": "a15a0898-4bc6-4e59-8de4-0f7d6e8a97e0",
        "name": "occurrence.level",
        "description": "",
        "position": 40
      },
      {
        "id": "2f97bf86-bff3-4993-bb53-f69fb3278329",
        "name": "occurrence.title",
        "description": "",
        "position": 41
      },
      {
        "id": "97236d70-0f94-4deb-8d0e-02146279a174",
        "name": "occurrence.code_version",
        "description": "",
        "position": 42
      },
      {
        "id": "4b681c34-5486-4162-8ae1-a88964b63b6c",
        "name": "occurrence.telemetry.body.end_timestamp_ms",
        "description": "",
        "position": 43
      },
      {
        "id": "12c3e124-ec13-41d9-a0b4-1e3ac477e3e6",
        "name": "occurrence.telemetry.body.url",
        "description": "",
        "position": 44
      },
      {
        "id": "6efa2c76-d746-404c-8848-a91b8d3f1cf4",
        "name": "occurrence.telemetry.body.status_code",
        "description": "",
        "position": 45
      },
      {
        "id": "3cc2a1aa-a594-4561-a8a8-9ea2737ae028",
        "name": "occurrence.telemetry.body.start_timestamp_ms",
        "description": "",
        "position": 46
      },
      {
        "id": "a9ce6811-7564-4d8f-a0ab-1b7a435e0dfc",
        "name": "occurrence.telemetry.body.subtype",
        "description": "",
        "position": 47
      },
      {
        "id": "052d32ce-1842-4e22-9518-86184384dac2",
        "name": "occurrence.telemetry.body.method",
        "description": "",
        "position": 48
      },
      {
        "id": "73fe8a05-d468-4ba2-a9a2-10e6d69d0b3f",
        "name": "occurrence.telemetry.source",
        "description": "",
        "position": 49
      },
      {
        "id": "dfe015bb-69fc-45d9-ba86-398e9c5ead78",
        "name": "occurrence.telemetry.timestamp_ms",
        "description": "",
        "position": 50
      },
      {
        "id": "eef3857a-47e7-44b4-bf13-d9a2a91289cf",
        "name": "occurrence.telemetry.type",
        "description": "",
        "position": 51
      },
      {
        "id": "1d05e89f-bd94-4b79-b03c-eb4489a85cdf",
        "name": "occurrence.telemetry.level",
        "description": "",
        "position": 52
      },
      {
        "id": "96562570-6cd2-4f52-9774-1c62b707e4f9",
        "name": "occurrence.request.body",
        "description": "",
        "position": 53
      },
      {
        "id": "1918ac1e-d7a1-4f53-bfbc-1c7c741e8132",
        "name": "occurrence.request.GET",
        "description": "",
        "position": 54
      },
      {
        "id": "566fd0ec-9f4f-44c0-8fa4-7f3f16bf762b",
        "name": "occurrence.request.url",
        "description": "",
        "position": 55
      },
      {
        "id": "eb211556-b02f-4ff1-98a3-da498fca456e",
        "name": "occurrence.request.user_ip",
        "description": "",
        "position": 56
      },
      {
        "id": "94df6ee4-2ab6-44dc-9549-1803fd0183f2",
        "name": "occurrence.request.headers",
        "description": "",
        "position": 57
      },
      {
        "id": "4cdd6fc2-4ff9-423d-90a0-5d1cddec6e1a",
        "name": "occurrence.request.params",
        "description": "",
        "position": 58
      },
      {
        "id": "8614e24b-5dfe-4b42-8dd9-55ad64c8a95e",
        "name": "occurrence.request.query_string",
        "description": "",
        "position": 59
      },
      {
        "id": "f275c398-ca38-4897-bf07-b4bfc1b9723d",
        "name": "occurrence.request.POST",
        "description": "",
        "position": 60
      },
      {
        "id": "13452f51-84dc-425f-a92b-2fbdc1561e25",
        "name": "occurrence.request.method",
        "description": "",
        "position": 61
      },
      {
        "id": "417be3e9-434a-4380-9b7a-43a2804c1d37",
        "name": "occurrence.server.code_version",
        "description": "",
        "position": 62
      },
      {
        "id": "371d3b9c-2729-4725-8b80-1427bf7eccaf",
        "name": "occurrence.server.sha",
        "description": "",
        "position": 63
      },
      {
        "id": "a393f0b0-34dd-4c9e-9369-2c109b6fd308",
        "name": "occurrence.server.host",
        "description": "",
        "position": 64
      },
      {
        "id": "d7a138fd-6c11-4849-918b-35a9d9621358",
        "name": "occurrence.server.branch",
        "description": "",
        "position": 65
      },
      {
        "id": "0552dfc4-c0f5-43af-ba2a-c66dc3ef2126",
        "name": "occurrence.server.root",
        "description": "",
        "position": 66
      },
      {
        "id": "ae91978a-d769-4b77-8c1f-26f535ad3f87",
        "name": "occurrence.server.cpu",
        "description": "",
        "position": 67
      },
      {
        "id": "f69aeda0-aade-4533-a051-f6909b93055b",
        "name": "occurrence.person.username",
        "description": "",
        "position": 68
      },
      {
        "id": "ea88dd10-cceb-448c-9c76-6b98d7371814",
        "name": "occurrence.person.id",
        "description": "",
        "position": 69
      },
      {
        "id": "cf7fd1ad-a25c-4608-8ca8-59b82cfa08e6",
        "name": "occurrence.person.email",
        "description": "",
        "position": 70
      },
      {
        "id": "04022079-3215-4354-a222-921c6b33d05a",
        "name": "occurrence.client.javascript",
        "description": "",
        "position": 71
      },
      {
        "id": "8009ca83-3782-4161-b3be-24f3bfd39580",
        "name": "occurrence.client.cpu",
        "description": "",
        "position": 72
      },
      {
        "id": "fd66940c-8c44-48d7-8eab-167504fedd3d",
        "name": "occurrence.platform",
        "description": "",
        "position": 73
      },
      {
        "id": "4ff3902c-e84e-4aed-993c-dd485dbfcf73",
        "name": "occurrence.body.message.route",
        "description": "",
        "position": 74
      },
      {
        "id": "a3762de6-4b1c-45c7-a4d9-54313bc1eb90",
        "name": "occurrence.body.message.time_elapsed",
        "description": "",
        "position": 75
      },
      {
        "id": "a2260b10-d264-4b4c-98e4-1efed6d47114",
        "name": "occurrence.notifier.version",
        "description": "",
        "position": 76
      },
      {
        "id": "63cba2bd-d6f9-49e7-8cd1-f2b695a08990",
        "name": "occurrence.notifier.name",
        "description": "",
        "position": 77
      },
      {
        "id": "3513dbbb-8a39-46cc-beea-353ef95c760c",
        "name": "occurrence.crash_report.raw",
        "description": "",
        "position": 78
      },
      {
        "id": "e45279e7-2e71-45c4-b24d-0d9c9f1f88a2",
        "name": "occurrence.body.crash_report.raw",
        "description": "",
        "position": 79
      },
      {
        "id": "7cdb54a7-d958-4bac-b153-7d262ebce1c7",
        "name": "occurrence.body.trace_chain",
        "description": "",
        "position": 80
      },
      {
        "id": "c8654683-e2f4-4fa9-9c53-5d3ccc6fcda0",
        "name": "occurrence.body.trace.exception.description",
        "description": "",
        "position": 81
      },
      {
        "id": "e0947e8e-d187-4999-b05d-87328ac496d6",
        "name": "occurrence.body.trace.exception.message",
        "description": "",
        "position": 82
      },
      {
        "id": "de1fe1d4-3f48-49ac-9e86-028d95cc73ca",
        "name": "occurrence.body.trace.exception.class",
        "description": "",
        "position": 83
      },
      {
        "id": "6f5a0401-e253-4555-a190-0937feaca32d",
        "name": "occurrence.body.trace.frames",
        "description": "",
        "position": 84
      },
      {
        "id": "cbb89cf6-e20a-4a4a-9d86-51beee54c5e3",
        "name": "friendly_trace_chain",
        "description": "",
        "position": 85
      },
      {
        "id": "4c6796a5-f142-4d5e-9e16-b0eb3f7fb26d",
        "name": "occurrence.fingerprint",
        "description": "",
        "position": 86
      }
    ]
  },
  {
    "id": "cd7e8794-49a2-4eac-98e1-36ad73839ca6",
    "name": "Rollbar Create an RQL Job",
    "description": "Rollbar Create an RQL Job",
    "icon": "http://s3-xmatters-static.s3.amazonaws.com/null/customers/8d580702-986e-4de3-873d-3a75b8073b42/IMAGE__20190829183742904__rollbar.png",
    "script": "var apiRequest = http.request({\n    'endpoint': 'Rollbar',\n    'path': '/api/1/rql/jobs/?access_token=' + constants['Rollbar Read'],\n    'method': 'POST'\n});\n\nvar data = {};\n\ndata.query_string = input['query_string'];\ndata.force_refresh = input['force_refresh'];\n\n\nvar apiResponse = apiRequest.write(data);\nif (apiResponse.statusCode == 200) {\n    var response = JSON.parse(apiResponse.body);\n    output['statusCode'] = response.statusCode;\n    output['rql_status'] = response.result.status;\n    output['rql_id'] = response.result.id;\n    output['rql_id'] = response.result.id;\n    \n}",
    "endpointAuthType": "NO_AUTH",
    "endpointLabel": "Rollbar",
    "allowedEnvironment": "HOSTED",
    "accessibleByAll": "NotShared",
    "scriptStepType": "USER",
    "inputs": [
      {
        "id": "fdcd1840-e021-4c6d-9ea2-988a2962655a",
        "name": "query_string",
        "helpText": "The RQL query to run.",
        "defaultValue": "select * from item_occurrence where item.counter=1",
        "multiline": true,
        "required": true,
        "validationRegex": "",
        "maxLength": 20000,
        "minLength": 0,
        "position": 0
      },
      {
        "id": "c91857c4-724d-43a7-972a-0719c06dbea0",
        "name": "force_refresh",
        "helpText": "Force job creation. True or False",
        "defaultValue": "False",
        "multiline": false,
        "required": true,
        "validationRegex": "",
        "maxLength": 2000,
        "minLength": 0,
        "position": 1
      }
    ],
    "outputs": [
      {
        "id": "8b10cd00-57e0-4917-8b61-1c943f587ae9",
        "name": "statusCode",
        "description": "",
        "position": 0
      },
      {
        "id": "099cc744-7613-4dc5-96c3-8307028635c5",
        "name": "rql_id",
        "description": "",
        "position": 1
      },
      {
        "id": "578cd065-fae8-4e62-a9fb-df6fb6cbc52a",
        "name": "rql_status",
        "description": "",
        "position": 2
      }
    ]
  },
  {
    "id": "3dae6fa3-c774-4f0c-805d-44039d82d967",
    "name": "Rollbar Get Recent Deploy",
    "description": "Rollbar Get Recent Deploy",
    "icon": "http://s3-xmatters-static.s3.amazonaws.com/null/customers/8d580702-986e-4de3-873d-3a75b8073b42/IMAGE__20190829183742904__rollbar.png",
    "script": "// COnvert Unix Time to user Friendly time\nfunction timeConverter(UNIX_timestamp){\n  var a = new Date(UNIX_timestamp * 1000);\n  var months = ['Jan','Feb','Mar','Apr','May','Jun','Jul','Aug','Sep','Oct','Nov','Dec'];\n  var year = a.getFullYear();\n  var month = months[a.getMonth()];\n  var date = a.getDate();\n  var hour = a.getHours();\n  var min = a.getMinutes();\n  var sec = a.getSeconds();\n  var time = date + ' ' + month + ' ' + year + ' ' + hour + ':' + min + ':' + sec ;\n  return time;\n}\n\n\n\n\nvar apiRequest = http.request({\n    'endpoint': 'Rollbar',\n    'path': '/api/1/deploys?access_token=' + constants['Rollbar Read'],\n    'method': 'GET'\n});\n\nvar apiResponse = apiRequest.write();\noutput['statusCode'] = apiResponse.statusCode;\n\nif (apiResponse.statusCode == 200) {\n    var response = JSON.parse(apiResponse.body);\n    \n        if (response.result.deploys[0]) {\n        output['deploy01.id'] = response.result.deploys[0].id;\n        output['deploy01.project_id'] = response.result.deploys[0].project_id;\n        output['deploy01.user_id'] = response.result.deploys[0].user_id;\n        output['deploy01.environment'] = response.result.deploys[0].environment;\n        output['deploy01.revision'] = response.result.deploys[0].revision;\n        output['deploy01.local_username'] = response.result.deploys[0].local_username;\n        output['deploy01.comment'] = response.result.deploys[0].comment;\n        output['deploy01.start_time'] = timeConverter(response.result.deploys[0].start_time);\n        output['deploy01.finish_time'] = timeConverter(response.result.deploys[0].finish_time);\n        output['deploy01.status'] = response.result.deploys[0].status;\n        }\n        if (response.result.deploys[1]) {\n        output['deploy02.id'] = response.result.deploys[1].id;\n        output['deploy02.project_id'] = response.result.deploys[1].project_id;\n        output['deploy02.user_id'] = response.result.deploys[1].user_id;\n        output['deploy02.environment'] = response.result.deploys[1].environment;\n        output['deploy02.revision'] = response.result.deploys[1].revision;\n        output['deploy02.local_username'] = response.result.deploys[1].local_username;\n        output['deploy02.comment'] = response.result.deploys[1].comment;\n        output['deploy02.start_time'] = timeConverter(response.result.deploys[1].start_time);\n        output['deploy02.finish_time'] = timeConverter(response.result.deploys[1].finish_time);\n        output['deploy02.status'] = response.result.deploys[1].status;\n        }\n        if (response.result.deploys[2]) {\n        output['deploy03.id'] = response.result.deploys[2].id;\n        output['deploy03.project_id'] = response.result.deploys[2].project_id;\n        output['deploy03.user_id'] = response.result.deploys[2].user_id;\n        output['deploy03.environment'] = response.result.deploys[2].environment;\n        output['deploy03.revision'] = response.result.deploys[2].revision;\n        output['deploy03.local_username'] = response.result.deploys[2].local_username;\n        output['deploy03.comment'] = response.result.deploys[2].comment;\n        output['deploy03.start_time'] = timeConverter(response.result.deploys[2].start_time);\n        output['deploy03.finish_time'] = timeConverter(response.result.deploys[2].finish_time);\n        output['deploy03.status'] = response.result.deploys[2].status;\n        }\n\n    \n    \n    \n}\n\n",
    "endpointAuthType": "NO_AUTH",
    "endpointLabel": "Rollbar",
    "allowedEnvironment": "HOSTED",
    "accessibleByAll": "NotShared",
    "scriptStepType": "USER",
    "inputs": [],
    "outputs": [
      {
        "id": "959e97ed-d97e-46f6-b253-1c18c0d86fc5",
        "name": "statusCode",
        "description": "",
        "position": 0
      },
      {
        "id": "40cbd006-b491-485b-8b25-4e27fe8b548d",
        "name": "deploy01.id",
        "description": "",
        "position": 1
      },
      {
        "id": "dd4f3d69-7396-4c08-a760-c45d0738e34f",
        "name": "deploy01.project_id",
        "description": "",
        "position": 2
      },
      {
        "id": "ac69e5d8-365e-4513-8d69-3dd931cb36fc",
        "name": "deploy01.user_id",
        "description": "",
        "position": 3
      },
      {
        "id": "9053c068-dcfd-49d4-876b-5ed780ca908e",
        "name": "deploy01.environment",
        "description": "",
        "position": 4
      },
      {
        "id": "2e99f8b4-9f3d-4bef-acca-00df5f6efa1b",
        "name": "deploy01.revision",
        "description": "",
        "position": 5
      },
      {
        "id": "21e7c5df-3e2e-4c5c-895b-7e5e59dccad8",
        "name": "deploy01.local_username",
        "description": "",
        "position": 6
      },
      {
        "id": "d2872a4f-c6d2-4efc-a84e-309b47c6d695",
        "name": "deploy01.comment",
        "description": "",
        "position": 7
      },
      {
        "id": "0ef0749b-84c6-477a-8e24-2109b8869914",
        "name": "deploy01.start_time",
        "description": "",
        "position": 8
      },
      {
        "id": "8c9bd5a9-6fbd-43ad-b6bb-10507f993eaf",
        "name": "deploy01.finish_time",
        "description": "",
        "position": 9
      },
      {
        "id": "2f8f2e73-b321-4aff-935f-0bf41d9cf123",
        "name": "deploy01.status",
        "description": "",
        "position": 10
      },
      {
        "id": "5b01cfc7-728e-4236-9b37-701b612752c9",
        "name": "deploy02.id",
        "description": "",
        "position": 11
      },
      {
        "id": "dbd7ae3f-e1e9-4aa8-954c-738518ab1993",
        "name": "deploy02.project_id",
        "description": "",
        "position": 12
      },
      {
        "id": "5c78987e-0914-4cf7-bc5a-0d7a2dbda2cc",
        "name": "deploy02.user_id",
        "description": "",
        "position": 13
      },
      {
        "id": "0834b971-8232-41c4-97bf-bb651bd686dd",
        "name": "deploy02.environment",
        "description": "",
        "position": 14
      },
      {
        "id": "559ceaba-27e6-4230-bfa1-df2454c52270",
        "name": "deploy02.revision",
        "description": "",
        "position": 15
      },
      {
        "id": "dc4fdcc7-bfe4-4bed-b29e-151e40fd79e7",
        "name": "deploy02.local_username",
        "description": "",
        "position": 16
      },
      {
        "id": "5b6d0388-0fa1-45db-992c-31144c783d87",
        "name": "deploy02.comment",
        "description": "",
        "position": 17
      },
      {
        "id": "d69aa1fb-106c-486a-9d97-198355ee7cb8",
        "name": "deploy02.start_time",
        "description": "",
        "position": 18
      },
      {
        "id": "5e1554ec-d24a-4b64-be96-ec3219fadd1f",
        "name": "deploy02.finish_time",
        "description": "",
        "position": 19
      },
      {
        "id": "93043c92-8f14-4480-a7fe-a8c1ffc70380",
        "name": "deploy02.status",
        "description": "",
        "position": 20
      },
      {
        "id": "40f5b42a-5f6c-4b61-9301-b6bfd88a3a49",
        "name": "deploy03.id",
        "description": "",
        "position": 21
      },
      {
        "id": "419ce8e5-67cf-4616-bc8e-5834675c0fcb",
        "name": "deploy03.project_id",
        "description": "",
        "position": 22
      },
      {
        "id": "b71667c8-ea47-4968-9a59-668e1e790538",
        "name": "deploy03.user_id",
        "description": "",
        "position": 23
      },
      {
        "id": "9188f8fe-94a5-4e7c-b94c-b4e7003acb09",
        "name": "deploy03.environment",
        "description": "",
        "position": 24
      },
      {
        "id": "190a0f06-288a-437b-98b3-aa433652af20",
        "name": "deploy03.revision",
        "description": "",
        "position": 25
      },
      {
        "id": "8ce1f82c-adcf-4f43-8878-c7de6eff761f",
        "name": "deploy03.local_username",
        "description": "",
        "position": 26
      },
      {
        "id": "6aa0daf4-db30-4d2e-9b53-b204dd7cfe75",
        "name": "deploy03.comment",
        "description": "",
        "position": 27
      },
      {
        "id": "0d27fcc7-764d-49a2-b858-7b442e2f9bde",
        "name": "deploy03.start_time",
        "description": "",
        "position": 28
      },
      {
        "id": "8d1e1f47-577f-4c44-ae9e-693381bc6fe7",
        "name": "deploy03.finish_time",
        "description": "",
        "position": 29
      },
      {
        "id": "b21f0a93-09de-4d91-b955-a8f4069d2fe8",
        "name": "deploy03.status",
        "description": "",
        "position": 30
      }
    ]
  },
  {
    "id": "d32590f3-c92e-4ef0-babc-8e6e56fb07a6",
    "name": "Rollbar Get RQL Status",
    "description": "Rollbar Get RQL Status",
    "icon": "http://s3-xmatters-static.s3.amazonaws.com/null/customers/8d580702-986e-4de3-873d-3a75b8073b42/IMAGE__20190829183742904__rollbar.png",
    "script": "\nvar apiRequest = http.request({\n    'endpoint': 'Rollbar',\n    'path': '/api/1/rql/job/' + input['job_id'] + '?access_token=' + constants['Rollbar Read'] + \"&expand=result\",\n    'method': 'GET'\n});\n\n\nvar apiResponse = apiRequest.write();\nif (apiResponse.statusCode == 200) {\n    var response = JSON.parse(apiResponse.body);\n    output['statusCode'] = response.statusCode;\n\n    output['rql_id'] = response.result.id;\n    output['rql_query_string'] = response.result.query_string;\n    output['rql_status'] = response.result.status;\n    output['rql_results'] = response.result.result;\n\n}",
    "endpointAuthType": "NO_AUTH",
    "endpointLabel": "Rollbar",
    "allowedEnvironment": "HOSTED",
    "accessibleByAll": "NotShared",
    "scriptStepType": "USER",
    "inputs": [
      {
        "id": "d57d9529-1862-4506-978e-b1e34e877bce",
        "name": "job_id",
        "helpText": "RQL job ID",
        "defaultValue": "",
        "multiline": false,
        "required": true,
        "validationRegex": "",
        "maxLength": 20000,
        "minLength": 0,
        "position": 0
      }
    ],
    "outputs": [
      {
        "id": "52a4ece4-93cc-493d-8ef8-130b5157454a",
        "name": "statusCode",
        "description": "",
        "position": 0
      },
      {
        "id": "1fd8a67e-e059-4c27-83de-5e5aa68272ec",
        "name": "rql_results",
        "description": "",
        "position": 1
      },
      {
        "id": "8727db73-fa7b-4230-b338-0536ac3d1176",
        "name": "rql_id",
        "description": "",
        "position": 2
      },
      {
        "id": "5b6ccb7a-712e-4c1b-9740-22ff8df71132",
        "name": "rql_status",
        "description": "",
        "position": 3
      },
      {
        "id": "9ce137de-ed48-4520-9a3b-faf533a76727",
        "name": "rql_query_string",
        "description": "",
        "position": 4
      }
    ]
  },
  {
    "id": "3ff244e8-922d-4df0-9073-1c867021e04e",
    "name": "Rollbar Get Single User By Name",
    "description": "Rollbar Get Single User By Name",
    "icon": "http://s3-xmatters-static.s3.amazonaws.com/null/customers/8d580702-986e-4de3-873d-3a75b8073b42/IMAGE__20190829183742904__rollbar.png",
    "script": "var apiRequest = http.request({\n    'endpoint': 'Rollbar',\n    'path': '/api/1/users?access_token=' + constants['Rollbar Account Read'],\n    'method': 'GET'\n});\n\nvar apiResponse = apiRequest.write();\n\n\nif (apiResponse.statusCode == 200) {\n    var response = JSON.parse(apiResponse.body);\n    \n\n  \n    for (var p in response.result.users){\n         console.log(\"top level \" + p + \" \" + JSON.stringify(response.result.users[p]));\n    \n            if (response.result.users[p].username === input['userName']) {\n                \n             console.log(\"Found username \" + response.result.users[p].username + \" with id \" + response.result.users[p].id);\n             output['userId'] = response.result.users[p].id;\n\n             return;\n            }\n \n            \n\n    \n    }\n    \n      \n      console.log(\"No user found with username \" + output['userName']);\n      output['userId'] = \"NO-USER-FOUND\";\n      return;\n      \n    \n    \n}\n",
    "endpointAuthType": "NO_AUTH",
    "endpointLabel": "Rollbar",
    "allowedEnvironment": "HOSTED",
    "accessibleByAll": "NotShared",
    "scriptStepType": "USER",
    "inputs": [
      {
        "id": "492956f5-8336-4462-8e6b-acf3cb1fc2ec",
        "name": "userName",
        "helpText": "",
        "defaultValue": "",
        "multiline": false,
        "required": false,
        "validationRegex": "",
        "maxLength": 20000,
        "minLength": 0,
        "position": 0
      }
    ],
    "outputs": [
      {
        "id": "ca03ccc7-dd26-44a6-9a9b-af2363e534bc",
        "name": "statusCode",
        "description": "",
        "position": 0
      },
      {
        "id": "18dc2276-6102-48a5-b87e-f48477ebd6e3",
        "name": "userId",
        "description": "",
        "position": 1
      }
    ]
  },
  {
    "id": "cd407c78-2222-4841-8d91-2616736f5c31",
    "name": "Rollbar Parse RQL Results",
    "description": "Rollbar Parse RQL Results",
    "icon": "http://s3-xmatters-static.s3.amazonaws.com/null/customers/8d580702-986e-4de3-873d-3a75b8073b42/IMAGE__20190829183742904__rollbar.png",
    "script": "\r\nvar results = input['rql_results'] ;\r\n\r\n\r\n/*results = JSON.parse(results.replace(/\\\\/g, \"\"));\r\n\r\n\r\nconsole.log(\"res \" + results);\r\n\r\n//console.log(\"string \" + JSON.stringify(results));\r\n\r\nconsole.log(results.result);\r\nconsole.log(results.result.id);\r\n*/\r\n/*\r\noutput['rql_id'] = results.result.id;\r\noutput['rql_row'] = results.result.result.rows;\r\noutput['rql_selectionColumns'] = results.result.result.selectionColumn\r\noutput['rql_columns'] = results.result.result.columns;\r\noutput['rql_errors'] = results.result.result.errors;\r\noutput['rql_warnings'] = results.result.result.warnings;\r\noutput['rql_rowcount'] = results.result.result.rowcount;\r\noutput['rql_executionTime'] = results.result.result.executionTime;\r\n*/\r\n\r\noutput['rql_row'] = results.rows;\r\noutput['rql_selectionColumns'] = results.selectionColumn\r\noutput['rql_columns'] = results.columns;\r\noutput['rql_errors'] = results.errors;\r\noutput['rql_warnings'] = results.warnings;\r\noutput['rql_rowcount'] = results.rowcount;\r\noutput['rql_executionTime'] = results.executionTime;",
    "endpointAuthType": "NO_AUTH",
    "endpointLabel": "Rollbar",
    "allowedEnvironment": "HOSTED",
    "accessibleByAll": "NotShared",
    "scriptStepType": "USER",
    "inputs": [
      {
        "id": "9e0d8b65-7bb7-4545-b761-4cfa3b6d6937",
        "name": "rql_results",
        "helpText": "",
        "defaultValue": "",
        "multiline": true,
        "required": true,
        "validationRegex": "",
        "maxLength": 20000,
        "minLength": 0,
        "position": 0
      }
    ],
    "outputs": [
      {
        "id": "613aea1f-2f74-417b-b471-d5b79fa71c63",
        "name": "rql_id",
        "description": "",
        "position": 0
      },
      {
        "id": "1e5f76c4-cb24-4608-9369-714826b2bb39",
        "name": "rql_row",
        "description": "",
        "position": 1
      },
      {
        "id": "a037b2a8-4a84-4efa-b4f1-efb08f9895dc",
        "name": "rql_selectionColumns",
        "description": "",
        "position": 2
      },
      {
        "id": "a7a77149-d5a7-49d0-a637-bcda442335bc",
        "name": "rql_columns",
        "description": "",
        "position": 3
      },
      {
        "id": "9eafde34-b0c3-4440-90c6-e0505dc76ede",
        "name": "rql_errors",
        "description": "",
        "position": 4
      },
      {
        "id": "134abb8c-4efe-40a0-87c0-4bed1c2659a4",
        "name": "rql_warnings",
        "description": "",
        "position": 5
      },
      {
        "id": "80f5bafc-ec94-476e-bca3-faa6d11b76b3",
        "name": "rql_rowcount",
        "description": "",
        "position": 6
      },
      {
        "id": "8fab0832-233f-4073-b30f-90f975def154",
        "name": "rql_executionTime",
        "description": "",
        "position": 7
      }
    ]
  },
  {
    "id": "b64c9220-86ee-4157-8f0b-8b1c80d9c736",
    "name": "Rollbar Update an Item Status",
    "description": "Update a Rollbar Item Status",
    "icon": "http://s3-xmatters-static.s3.amazonaws.com/null/customers/8d580702-986e-4de3-873d-3a75b8073b42/IMAGE__20190829183742904__rollbar.png",
    "script": "var apiRequest = http.request({\n    'endpoint': 'Rollbar',\n    'path': '/api/1/item/' + input['item_id'] + '?access_token=' + constants['Rollbar Write'],\n    'method': 'PATCH'\n});\n\nvar data = {};\nif (input['status'] !== undefined){\ndata.status = input['status'];\n}\nif (input['assigned_user_id'] !== undefined){\ndata.assigned_user_id = input['assigned_user_id'];\n}\nvar apiResponse = apiRequest.write(data);\nif (apiResponse.statusCode == 200) {\n    var response = JSON.parse(apiResponse.body);\n    output['statusCode'] = response.statusCode;\n}",
    "endpointAuthType": "NO_AUTH",
    "endpointLabel": "Rollbar",
    "allowedEnvironment": "HOSTED",
    "accessibleByAll": "NotShared",
    "scriptStepType": "USER",
    "inputs": [
      {
        "id": "20c18291-2b04-480f-b3ad-f924e4b4a313",
        "name": "item_id",
        "helpText": "System-wide id (not project counter) of the item to be modified.",
        "defaultValue": "",
        "multiline": false,
        "required": true,
        "validationRegex": "",
        "maxLength": 2000,
        "minLength": 0,
        "position": 0
      },
      {
        "id": "d9621b06-f462-4f6a-889d-3e5ea4838a3b",
        "name": "status",
        "helpText": "Can be one of active, resolved, muted",
        "defaultValue": "",
        "multiline": false,
        "required": false,
        "validationRegex": "",
        "maxLength": 2000,
        "minLength": 0,
        "position": 1
      },
      {
        "id": "57d15313-2a04-413a-a8d3-65fcafe23c92",
        "name": "assigned_user_id",
        "helpText": "assigned_user_id If present, the new assigned user ID. Valid values are null or any user ID with access to this item.",
        "defaultValue": "",
        "multiline": false,
        "required": false,
        "validationRegex": "",
        "maxLength": 2000,
        "minLength": 0,
        "position": 2
      }
    ],
    "outputs": [
      {
        "id": "6c444629-98cb-4451-8c00-93d28ce69db5",
        "name": "statusCode",
        "description": "",
        "position": 0
      }
    ]
  }
]