[
  {
    "baseType": 3,
    "name": "deploy01.comment",
    "description": "",
    "helpText": "",
    "isSystem": false,
    "minLength": 0,
    "maxLength": 20000,
    "validationRegex": "",
    "isValidate": false,
    "uuid": "12a4bfcf-1ca5-413c-be4e-582775614692"
  },
  {
    "baseType": 3,
    "name": "deploy01.environment",
    "description": "",
    "helpText": "",
    "isSystem": false,
    "minLength": 0,
    "maxLength": 20000,
    "validationRegex": "",
    "isValidate": false,
    "uuid": "584c9860-e9d4-4eae-bbc2-1e5d7135c8fd"
  },
  {
    "baseType": 3,
    "name": "deploy01.finish_time",
    "description": "",
    "helpText": "",
    "isSystem": false,
    "minLength": 0,
    "maxLength": 20000,
    "validationRegex": "",
    "isValidate": false,
    "uuid": "b0427d83-50e2-4c7e-82ca-9008c2af8b4f"
  },
  {
    "baseType": 3,
    "name": "deploy01.id",
    "description": "",
    "helpText": "",
    "isSystem": false,
    "minLength": 0,
    "maxLength": 20000,
    "validationRegex": "",
    "isValidate": false,
    "uuid": "1f8a6886-3ea5-4dcb-8ee0-611a95e6e53c"
  },
  {
    "baseType": 3,
    "name": "deploy01.local_username",
    "description": "",
    "helpText": "",
    "isSystem": false,
    "minLength": 0,
    "maxLength": 20000,
    "validationRegex": "",
    "isValidate": false,
    "uuid": "9a60c267-307c-44af-b737-90bb20a80727"
  },
  {
    "baseType": 3,
    "name": "deploy01.project_id",
    "description": "",
    "helpText": "",
    "isSystem": false,
    "minLength": 0,
    "maxLength": 20000,
    "validationRegex": "",
    "isValidate": false,
    "uuid": "6a64e210-ef8b-4b63-819e-e675f04dd8ba"
  },
  {
    "baseType": 3,
    "name": "deploy01.revision",
    "description": "",
    "helpText": "",
    "isSystem": false,
    "minLength": 0,
    "maxLength": 20000,
    "validationRegex": "",
    "isValidate": false,
    "uuid": "999cfc69-eb5c-450c-9194-6cd3b2fc985f"
  },
  {
    "baseType": 3,
    "name": "deploy01.start_time",
    "description": "",
    "helpText": "",
    "isSystem": false,
    "minLength": 0,
    "maxLength": 20000,
    "validationRegex": "",
    "isValidate": false,
    "uuid": "502e7fe8-8272-4052-9bd1-7f900122751e"
  },
  {
    "baseType": 3,
    "name": "deploy01.status",
    "description": "",
    "helpText": "",
    "isSystem": false,
    "minLength": 0,
    "maxLength": 20000,
    "validationRegex": "",
    "isValidate": false,
    "uuid": "23fd5b9c-5f09-4fa9-b29d-6fca52a39233"
  },
  {
    "baseType": 3,
    "name": "deploy01.statusCode",
    "description": "",
    "helpText": "",
    "isSystem": false,
    "minLength": 0,
    "maxLength": 20000,
    "validationRegex": "",
    "isValidate": false,
    "uuid": "74788758-8f10-459b-9d36-2683d749131d"
  },
  {
    "baseType": 3,
    "name": "deploy01.user_id",
    "description": "",
    "helpText": "",
    "isSystem": false,
    "minLength": 0,
    "maxLength": 20000,
    "validationRegex": "",
    "isValidate": false,
    "uuid": "a33a89a7-d1ad-447d-944b-c718fab671ab"
  },
  {
    "baseType": 3,
    "name": "deploy02.comment",
    "description": "",
    "helpText": "",
    "isSystem": false,
    "minLength": 0,
    "maxLength": 20000,
    "validationRegex": "",
    "isValidate": false,
    "uuid": "c2fee031-020d-46de-b053-3362ab090394"
  },
  {
    "baseType": 3,
    "name": "deploy02.environment",
    "description": "",
    "helpText": "",
    "isSystem": false,
    "minLength": 0,
    "maxLength": 20000,
    "validationRegex": "",
    "isValidate": false,
    "uuid": "635de152-66e9-4975-bbff-0722265ab94e"
  },
  {
    "baseType": 3,
    "name": "deploy02.finish_time",
    "description": "",
    "helpText": "",
    "isSystem": false,
    "minLength": 0,
    "maxLength": 20000,
    "validationRegex": "",
    "isValidate": false,
    "uuid": "5c0f6286-3d03-43e6-9e11-147f8631cae7"
  },
  {
    "baseType": 3,
    "name": "deploy02.id",
    "description": "",
    "helpText": "",
    "isSystem": false,
    "minLength": 0,
    "maxLength": 20000,
    "validationRegex": "",
    "isValidate": false,
    "uuid": "3b7523da-8547-4897-a9f8-19d186a1f987"
  },
  {
    "baseType": 3,
    "name": "deploy02.local_username",
    "description": "",
    "helpText": "",
    "isSystem": false,
    "minLength": 0,
    "maxLength": 20000,
    "validationRegex": "",
    "isValidate": false,
    "uuid": "a0b8cac9-e35f-4cb2-b847-dac2de21dc7f"
  },
  {
    "baseType": 3,
    "name": "deploy02.project_id",
    "description": "",
    "helpText": "",
    "isSystem": false,
    "minLength": 0,
    "maxLength": 20000,
    "validationRegex": "",
    "isValidate": false,
    "uuid": "3b68f3cd-cad9-4c4c-9a33-680c24165514"
  },
  {
    "baseType": 3,
    "name": "deploy02.revision",
    "description": "",
    "helpText": "",
    "isSystem": false,
    "minLength": 0,
    "maxLength": 20000,
    "validationRegex": "",
    "isValidate": false,
    "uuid": "9fcee633-873b-4990-b46d-70e1816d8499"
  },
  {
    "baseType": 3,
    "name": "deploy02.start_time",
    "description": "",
    "helpText": "",
    "isSystem": false,
    "minLength": 0,
    "maxLength": 20000,
    "validationRegex": "",
    "isValidate": false,
    "uuid": "5f04c531-a0f5-47e7-9592-568a968750c7"
  },
  {
    "baseType": 3,
    "name": "deploy02.status",
    "description": "",
    "helpText": "",
    "isSystem": false,
    "minLength": 0,
    "maxLength": 20000,
    "validationRegex": "",
    "isValidate": false,
    "uuid": "d1b422a2-6b7f-4c6f-9d39-ba304d4df32d"
  },
  {
    "baseType": 3,
    "name": "deploy02.user_id",
    "description": "",
    "helpText": "",
    "isSystem": false,
    "minLength": 0,
    "maxLength": 20000,
    "validationRegex": "",
    "isValidate": false,
    "uuid": "5f35da2c-4e44-41a4-9f25-449fe2e59838"
  },
  {
    "baseType": 3,
    "name": "deploy03.comment",
    "description": "",
    "helpText": "",
    "isSystem": false,
    "minLength": 0,
    "maxLength": 20000,
    "validationRegex": "",
    "isValidate": false,
    "uuid": "10c17375-792b-4aa8-ac57-c59700ba7e9c"
  },
  {
    "baseType": 3,
    "name": "deploy03.environment",
    "description": "",
    "helpText": "",
    "isSystem": false,
    "minLength": 0,
    "maxLength": 20000,
    "validationRegex": "",
    "isValidate": false,
    "uuid": "a92064ad-ca7b-42c6-9322-9508f1ce7266"
  },
  {
    "baseType": 3,
    "name": "deploy03.finish_time",
    "description": "",
    "helpText": "",
    "isSystem": false,
    "minLength": 0,
    "maxLength": 20000,
    "validationRegex": "",
    "isValidate": false,
    "uuid": "b0440d3d-ec1c-402a-8345-b59f7c379c79"
  },
  {
    "baseType": 3,
    "name": "deploy03.id",
    "description": "",
    "helpText": "",
    "isSystem": false,
    "minLength": 0,
    "maxLength": 20000,
    "validationRegex": "",
    "isValidate": false,
    "uuid": "b0d03b7b-a08d-4061-9787-f5348ab119aa"
  },
  {
    "baseType": 3,
    "name": "deploy03.local_username",
    "description": "",
    "helpText": "",
    "isSystem": false,
    "minLength": 0,
    "maxLength": 20000,
    "validationRegex": "",
    "isValidate": false,
    "uuid": "99b20879-c50f-4045-8eb1-57fcc3649341"
  },
  {
    "baseType": 3,
    "name": "deploy03.project_id",
    "description": "",
    "helpText": "",
    "isSystem": false,
    "minLength": 0,
    "maxLength": 20000,
    "validationRegex": "",
    "isValidate": false,
    "uuid": "f59e0450-7457-4811-8bb6-93f8ca489615"
  },
  {
    "baseType": 3,
    "name": "deploy03.revision",
    "description": "",
    "helpText": "",
    "isSystem": false,
    "minLength": 0,
    "maxLength": 20000,
    "validationRegex": "",
    "isValidate": false,
    "uuid": "c773de4c-c3bb-4a96-b8a7-96238c22bfc7"
  },
  {
    "baseType": 3,
    "name": "deploy03.start_time",
    "description": "",
    "helpText": "",
    "isSystem": false,
    "minLength": 0,
    "maxLength": 20000,
    "validationRegex": "",
    "isValidate": false,
    "uuid": "e77a188a-ab8f-4060-b440-a15edf771db8"
  },
  {
    "baseType": 3,
    "name": "deploy03.status",
    "description": "",
    "helpText": "",
    "isSystem": false,
    "minLength": 0,
    "maxLength": 20000,
    "validationRegex": "",
    "isValidate": false,
    "uuid": "3563f005-75b1-411e-a4b0-d1ce2e1ae29f"
  },
  {
    "baseType": 3,
    "name": "deploy03.user_id",
    "description": "",
    "helpText": "",
    "isSystem": false,
    "minLength": 0,
    "maxLength": 20000,
    "validationRegex": "",
    "isValidate": false,
    "uuid": "68d5c62d-e4c5-491e-ae45-95691dbafd1f"
  },
  {
    "baseType": 3,
    "name": "event_name",
    "description": "",
    "helpText": "",
    "isSystem": false,
    "minLength": 0,
    "maxLength": 20000,
    "validationRegex": "",
    "isValidate": false,
    "uuid": "02e02840-e3ca-46d2-8a39-b864464a9ebe"
  },
  {
    "baseType": 3,
    "name": "friendly_trace_chain",
    "defaultValue": "",
    "description": "",
    "helpText": "",
    "isSystem": false,
    "minLength": 0,
    "maxLength": 20000,
    "validationRegex": "",
    "isValidate": false,
    "uuid": "4114929c-07a6-4d17-8de9-8ff34eae9e42"
  },
  {
    "baseType": 3,
    "name": "item.activating_occurrence_id",
    "description": "",
    "helpText": "",
    "isSystem": false,
    "minLength": 0,
    "maxLength": 20000,
    "validationRegex": "",
    "isValidate": false,
    "uuid": "f578949c-c662-4dc9-9221-fb6324332e13"
  },
  {
    "baseType": 3,
    "name": "item.assigned_user_id",
    "description": "",
    "helpText": "",
    "isSystem": false,
    "minLength": 0,
    "maxLength": 20000,
    "validationRegex": "",
    "isValidate": false,
    "uuid": "cc057915-0505-4937-8c2f-4839519069d5"
  },
  {
    "baseType": 3,
    "name": "item.counter",
    "description": "",
    "helpText": "",
    "isSystem": false,
    "minLength": 0,
    "maxLength": 20000,
    "validationRegex": "",
    "isValidate": false,
    "uuid": "21c79430-311b-4d32-bb20-a4a5d269837f"
  },
  {
    "baseType": 3,
    "name": "item.environment",
    "description": "",
    "helpText": "",
    "isSystem": false,
    "minLength": 0,
    "maxLength": 20000,
    "validationRegex": "",
    "isValidate": false,
    "uuid": "fbb7543e-802d-4514-bd6e-5b83442a4fd6"
  },
  {
    "baseType": 3,
    "name": "item.first_occurrence_id",
    "description": "",
    "helpText": "",
    "isSystem": false,
    "minLength": 0,
    "maxLength": 20000,
    "validationRegex": "",
    "isValidate": false,
    "uuid": "82641e00-4075-4553-bd47-82907721a375"
  },
  {
    "baseType": 3,
    "name": "item.first_occurrence_timestamp",
    "description": "",
    "helpText": "",
    "isSystem": false,
    "minLength": 0,
    "maxLength": 20000,
    "validationRegex": "",
    "isValidate": false,
    "uuid": "43d96c97-eaab-439e-a444-8e059301a294"
  },
  {
    "baseType": 3,
    "name": "item.framework",
    "description": "",
    "helpText": "",
    "isSystem": false,
    "minLength": 0,
    "maxLength": 20000,
    "validationRegex": "",
    "isValidate": false,
    "uuid": "c2cd8a86-965b-4642-b494-0724b7c9fa20"
  },
  {
    "baseType": 3,
    "name": "item.group_item_id",
    "description": "",
    "helpText": "",
    "isSystem": false,
    "minLength": 0,
    "maxLength": 20000,
    "validationRegex": "",
    "isValidate": false,
    "uuid": "4cb6da8d-617d-488e-b50c-eeafb8644e75"
  },
  {
    "baseType": 3,
    "name": "item.group_status",
    "description": "",
    "helpText": "",
    "isSystem": false,
    "minLength": 0,
    "maxLength": 20000,
    "validationRegex": "",
    "isValidate": false,
    "uuid": "b5ad6c00-852b-427a-9d86-4efe1f53136d"
  },
  {
    "baseType": 3,
    "name": "item.hash",
    "description": "",
    "helpText": "",
    "isSystem": false,
    "minLength": 0,
    "maxLength": 20000,
    "validationRegex": "",
    "isValidate": false,
    "uuid": "9e0efa51-87aa-4273-86f4-45cc2e91d54f"
  },
  {
    "baseType": 3,
    "name": "item.id",
    "description": "",
    "helpText": "",
    "isSystem": false,
    "minLength": 0,
    "maxLength": 20000,
    "validationRegex": "",
    "isValidate": false,
    "uuid": "f2d8ca77-c966-4ec0-a1a8-a7bd0edef18f"
  },
  {
    "baseType": 3,
    "name": "item.integrations_data",
    "defaultValue": "",
    "description": "",
    "helpText": "",
    "isSystem": false,
    "minLength": 0,
    "maxLength": 20000,
    "validationRegex": "",
    "isValidate": false,
    "uuid": "829c118a-61a3-4725-863b-58c40267c721"
  },
  {
    "baseType": 3,
    "name": "item.last_activated_timestamp",
    "description": "",
    "helpText": "",
    "isSystem": false,
    "minLength": 0,
    "maxLength": 20000,
    "validationRegex": "",
    "isValidate": false,
    "uuid": "c7f28cfe-6762-4bf6-b6e6-b24747474f70"
  },
  {
    "baseType": 3,
    "name": "item.last_modified_by",
    "description": "",
    "helpText": "",
    "isSystem": false,
    "minLength": 0,
    "maxLength": 20000,
    "validationRegex": "",
    "isValidate": false,
    "uuid": "15a0cd91-3eab-4840-98e9-8492b532e0a6"
  },
  {
    "baseType": 3,
    "name": "item.last_occurrence_id",
    "description": "",
    "helpText": "",
    "isSystem": false,
    "minLength": 0,
    "maxLength": 20000,
    "validationRegex": "",
    "isValidate": false,
    "uuid": "042cd337-e40e-4394-8b45-39ea5e77457b"
  },
  {
    "baseType": 3,
    "name": "item.last_occurrence_timestamp",
    "description": "",
    "helpText": "",
    "isSystem": false,
    "minLength": 0,
    "maxLength": 20000,
    "validationRegex": "",
    "isValidate": false,
    "uuid": "a8f73f8b-5a2c-47ec-803c-2d038d14aae4"
  },
  {
    "baseType": 3,
    "name": "item.level",
    "description": "",
    "helpText": "",
    "isSystem": false,
    "minLength": 0,
    "maxLength": 20000,
    "validationRegex": "",
    "isValidate": false,
    "uuid": "b72db1ec-da28-49c8-8878-e7dc2a9239bf"
  },
  {
    "baseType": 3,
    "name": "item.level_lock",
    "description": "",
    "helpText": "",
    "isSystem": false,
    "minLength": 0,
    "maxLength": 20000,
    "validationRegex": "",
    "isValidate": false,
    "uuid": "a33415af-d43d-4a02-811d-c0ccbb7a8754"
  },
  {
    "baseType": 3,
    "name": "item.platform",
    "description": "",
    "helpText": "",
    "isSystem": false,
    "minLength": 0,
    "maxLength": 20000,
    "validationRegex": "",
    "isValidate": false,
    "uuid": "c357ca41-7625-44ca-a37f-e2f4eda99f29"
  },
  {
    "baseType": 3,
    "name": "item.project_id",
    "description": "",
    "helpText": "",
    "isSystem": false,
    "minLength": 0,
    "maxLength": 20000,
    "validationRegex": "",
    "isValidate": false,
    "uuid": "a086d190-7861-4d05-9994-82b22fc5d0ce"
  },
  {
    "baseType": 3,
    "name": "item.public_item_id",
    "description": "",
    "helpText": "",
    "isSystem": false,
    "minLength": 0,
    "maxLength": 20000,
    "validationRegex": "",
    "isValidate": false,
    "uuid": "3fa821d8-3ff0-40cc-8565-cd3c7f3c3b3b"
  },
  {
    "baseType": 3,
    "name": "item.resolved_in_version",
    "description": "",
    "helpText": "",
    "isSystem": false,
    "minLength": 0,
    "maxLength": 20000,
    "validationRegex": "",
    "isValidate": false,
    "uuid": "70873526-a503-4183-978f-c600f998c50e"
  },
  {
    "baseType": 3,
    "name": "item.status",
    "description": "",
    "helpText": "",
    "isSystem": false,
    "minLength": 0,
    "maxLength": 20000,
    "validationRegex": "",
    "isValidate": false,
    "uuid": "4863e717-38bd-4831-a6ec-e62b5f7786bd"
  },
  {
    "baseType": 3,
    "name": "item.title",
    "description": "",
    "helpText": "",
    "isSystem": false,
    "minLength": 0,
    "maxLength": 20000,
    "validationRegex": "",
    "isValidate": false,
    "uuid": "eab26232-3a68-41c0-ab31-6aa3e71de37d"
  },
  {
    "baseType": 3,
    "name": "item.title_lock",
    "description": "",
    "helpText": "",
    "isSystem": false,
    "minLength": 0,
    "maxLength": 20000,
    "validationRegex": "",
    "isValidate": false,
    "uuid": "ddba3da8-85ab-4a21-8bb6-e528da39660d"
  },
  {
    "baseType": 3,
    "name": "item.total_occurrences",
    "description": "",
    "helpText": "",
    "isSystem": false,
    "minLength": 0,
    "maxLength": 20000,
    "validationRegex": "",
    "isValidate": false,
    "uuid": "652e5dd2-5b0a-4db7-a534-7a52eba5be37"
  },
  {
    "baseType": 3,
    "name": "item.unique_occurrences",
    "description": "",
    "helpText": "",
    "isSystem": false,
    "minLength": 0,
    "maxLength": 20000,
    "validationRegex": "",
    "isValidate": false,
    "uuid": "d422cf18-22bf-442d-acbb-80a6ab3f3143"
  },
  {
    "baseType": 3,
    "name": "occurence.uuid",
    "defaultValue": "",
    "description": "",
    "helpText": "",
    "isSystem": false,
    "minLength": 0,
    "maxLength": 20000,
    "validationRegex": "",
    "isValidate": false,
    "uuid": "d3ddff73-ce8c-4552-8170-edc9efc76f00"
  },
  {
    "baseType": 3,
    "name": "occurrence.body.crash_report.raw",
    "defaultValue": "",
    "description": "",
    "helpText": "",
    "isSystem": false,
    "minLength": 0,
    "maxLength": 20000,
    "validationRegex": "",
    "isValidate": false,
    "uuid": "299739e2-bb7b-43d0-ad85-2833503fbf15"
  },
  {
    "baseType": 3,
    "name": "occurrence.body.message.body",
    "description": "",
    "helpText": "",
    "isSystem": false,
    "minLength": 0,
    "maxLength": 20000,
    "validationRegex": "",
    "isValidate": false,
    "uuid": "976e717c-e628-403e-9065-fa8af1725548"
  },
  {
    "baseType": 3,
    "name": "occurrence.body.message.route",
    "description": "",
    "helpText": "",
    "isSystem": false,
    "minLength": 0,
    "maxLength": 20000,
    "validationRegex": "",
    "isValidate": false,
    "uuid": "8a4ddd07-0dcc-49f5-9c8d-377a73cc2699"
  },
  {
    "baseType": 3,
    "name": "occurrence.body.message.time_elapsed",
    "description": "",
    "helpText": "",
    "isSystem": false,
    "minLength": 0,
    "maxLength": 20000,
    "validationRegex": "",
    "isValidate": false,
    "uuid": "f8c413c0-4a5b-40a1-80bf-2ca8ad34388b"
  },
  {
    "baseType": 3,
    "name": "occurrence.body.trace_chain",
    "defaultValue": "",
    "description": "",
    "helpText": "",
    "isSystem": false,
    "minLength": 0,
    "maxLength": 20000,
    "validationRegex": "",
    "isValidate": false,
    "uuid": "2bd6341f-4523-45a9-b3fe-453d6b85a603"
  },
  {
    "baseType": 3,
    "name": "occurrence.body.trace.exception.class",
    "defaultValue": "",
    "description": "",
    "helpText": "",
    "isSystem": false,
    "minLength": 0,
    "maxLength": 20000,
    "validationRegex": "",
    "isValidate": false,
    "uuid": "c519907c-bdab-4224-809b-e0b244875e36"
  },
  {
    "baseType": 3,
    "name": "occurrence.body.trace.exception.description",
    "defaultValue": "",
    "description": "",
    "helpText": "",
    "isSystem": false,
    "minLength": 0,
    "maxLength": 20000,
    "validationRegex": "",
    "isValidate": false,
    "uuid": "af5b2e99-69a2-4153-bdeb-bafce8c46858"
  },
  {
    "baseType": 3,
    "name": "occurrence.body.trace.exception.message",
    "defaultValue": "",
    "description": "",
    "helpText": "",
    "isSystem": false,
    "minLength": 0,
    "maxLength": 20000,
    "validationRegex": "",
    "isValidate": false,
    "uuid": "b6f42f94-d516-41a6-9b1f-c50b006e14c3"
  },
  {
    "baseType": 3,
    "name": "occurrence.body.trace.frames",
    "defaultValue": "",
    "description": "",
    "helpText": "",
    "isSystem": false,
    "minLength": 0,
    "maxLength": 20000,
    "validationRegex": "",
    "isValidate": false,
    "uuid": "c8cb2f2c-546b-4bde-aa71-81a2c2ab1861"
  },
  {
    "baseType": 3,
    "name": "occurrence.client.cpu",
    "description": "",
    "helpText": "",
    "isSystem": false,
    "minLength": 0,
    "maxLength": 20000,
    "validationRegex": "",
    "isValidate": false,
    "uuid": "922047a4-5e89-422d-98ed-5c4e9e600b61"
  },
  {
    "baseType": 3,
    "name": "occurrence.client.javascript",
    "description": "",
    "helpText": "",
    "isSystem": false,
    "minLength": 0,
    "maxLength": 20000,
    "validationRegex": "",
    "isValidate": false,
    "uuid": "117de7a6-58e0-4d18-be2d-4bca1f4a27a0"
  },
  {
    "baseType": 3,
    "name": "occurrence.code_version",
    "description": "",
    "helpText": "",
    "isSystem": false,
    "minLength": 0,
    "maxLength": 20000,
    "validationRegex": "",
    "isValidate": false,
    "uuid": "84b67792-4e45-448a-b057-af53890bc944"
  },
  {
    "baseType": 3,
    "name": "occurrence.context",
    "description": "",
    "helpText": "",
    "isSystem": false,
    "minLength": 0,
    "maxLength": 20000,
    "validationRegex": "",
    "isValidate": false,
    "uuid": "8fac6e3d-6cd5-4353-b6c0-4f8b324835d1"
  },
  {
    "baseType": 3,
    "name": "occurrence.environment",
    "description": "",
    "helpText": "",
    "isSystem": false,
    "minLength": 0,
    "maxLength": 20000,
    "validationRegex": "",
    "isValidate": false,
    "uuid": "72ee5487-d85c-45bd-bce5-599847dfdabd"
  },
  {
    "baseType": 3,
    "name": "occurrence.fingerprint",
    "description": "",
    "helpText": "",
    "isSystem": false,
    "minLength": 0,
    "maxLength": 20000,
    "validationRegex": "",
    "isValidate": false,
    "uuid": "02bd4c2f-d2b6-4320-8723-0995927f9290"
  },
  {
    "baseType": 3,
    "name": "occurrence.framework",
    "description": "",
    "helpText": "",
    "isSystem": false,
    "minLength": 0,
    "maxLength": 20000,
    "validationRegex": "",
    "isValidate": false,
    "uuid": "73f00354-3264-44c6-819e-84354fc4d7f0"
  },
  {
    "baseType": 3,
    "name": "occurrence.language",
    "description": "",
    "helpText": "",
    "isSystem": false,
    "minLength": 0,
    "maxLength": 20000,
    "validationRegex": "",
    "isValidate": false,
    "uuid": "b990bcec-3c97-4d1c-b249-b84efacd22f7"
  },
  {
    "baseType": 3,
    "name": "occurrence.level",
    "description": "",
    "helpText": "",
    "isSystem": false,
    "minLength": 0,
    "maxLength": 20000,
    "validationRegex": "",
    "isValidate": false,
    "uuid": "66402b64-da2b-4d9e-891c-f8b7656bad6f"
  },
  {
    "baseType": 3,
    "name": "occurrence.notifier.name",
    "description": "",
    "helpText": "",
    "isSystem": false,
    "minLength": 0,
    "maxLength": 20000,
    "validationRegex": "",
    "isValidate": false,
    "uuid": "876354e6-2bdb-4882-8a32-b48c1060c1cb"
  },
  {
    "baseType": 3,
    "name": "occurrence.notifier.version",
    "description": "",
    "helpText": "",
    "isSystem": false,
    "minLength": 0,
    "maxLength": 20000,
    "validationRegex": "",
    "isValidate": false,
    "uuid": "60746348-dcfd-4bdd-9efa-0ab784e67a6b"
  },
  {
    "baseType": 3,
    "name": "occurrence.person.email",
    "description": "",
    "helpText": "",
    "isSystem": false,
    "minLength": 0,
    "maxLength": 20000,
    "validationRegex": "",
    "isValidate": false,
    "uuid": "cfa45566-4847-495a-a5c2-c16c1875d1d5"
  },
  {
    "baseType": 3,
    "name": "occurrence.person.id",
    "description": "",
    "helpText": "",
    "isSystem": false,
    "minLength": 0,
    "maxLength": 20000,
    "validationRegex": "",
    "isValidate": false,
    "uuid": "9832cea7-e1bc-4d68-b033-985ed394f19b"
  },
  {
    "baseType": 3,
    "name": "occurrence.person.username",
    "description": "",
    "helpText": "",
    "isSystem": false,
    "minLength": 0,
    "maxLength": 20000,
    "validationRegex": "",
    "isValidate": false,
    "uuid": "f8ffbba4-44d3-47d0-9aa6-f6c423641207"
  },
  {
    "baseType": 3,
    "name": "occurrence.platform",
    "description": "",
    "helpText": "",
    "isSystem": false,
    "minLength": 0,
    "maxLength": 20000,
    "validationRegex": "",
    "isValidate": false,
    "uuid": "ad7da7ca-73d7-4a16-b37f-d6b8bbe6648f"
  },
  {
    "baseType": 3,
    "name": "occurrence.request.body",
    "description": "",
    "helpText": "",
    "isSystem": false,
    "minLength": 0,
    "maxLength": 20000,
    "validationRegex": "",
    "isValidate": false,
    "uuid": "a064b27a-e37b-466a-b493-7ea32a08c1f9"
  },
  {
    "baseType": 3,
    "name": "occurrence.request.GET",
    "description": "",
    "helpText": "",
    "isSystem": false,
    "minLength": 0,
    "maxLength": 20000,
    "validationRegex": "",
    "isValidate": false,
    "uuid": "c710020a-cc65-4e3d-b873-60f4c0c95721"
  },
  {
    "baseType": 3,
    "name": "occurrence.request.headers",
    "description": "",
    "helpText": "",
    "isSystem": false,
    "minLength": 0,
    "maxLength": 20000,
    "validationRegex": "",
    "isValidate": false,
    "uuid": "15ab8c99-6c4f-43d4-b3de-84a178bc9ed6"
  },
  {
    "baseType": 3,
    "name": "occurrence.request.method",
    "description": "",
    "helpText": "",
    "isSystem": false,
    "minLength": 0,
    "maxLength": 20000,
    "validationRegex": "",
    "isValidate": false,
    "uuid": "8e6b3a39-8ea0-4e9e-a4cb-3df6ce399b65"
  },
  {
    "baseType": 3,
    "name": "occurrence.request.params",
    "description": "",
    "helpText": "",
    "isSystem": false,
    "minLength": 0,
    "maxLength": 20000,
    "validationRegex": "",
    "isValidate": false,
    "uuid": "5b33bb7f-5a61-4c02-9d78-03a1b356915c"
  },
  {
    "baseType": 3,
    "name": "occurrence.request.POST",
    "description": "",
    "helpText": "",
    "isSystem": false,
    "minLength": 0,
    "maxLength": 20000,
    "validationRegex": "",
    "isValidate": false,
    "uuid": "6538ef40-9b1d-4b23-87d4-5022bbc55a87"
  },
  {
    "baseType": 3,
    "name": "occurrence.request.query_string",
    "description": "",
    "helpText": "",
    "isSystem": false,
    "minLength": 0,
    "maxLength": 20000,
    "validationRegex": "",
    "isValidate": false,
    "uuid": "ad8e604c-79f7-4926-8e24-eb871338e1a0"
  },
  {
    "baseType": 3,
    "name": "occurrence.request.url",
    "description": "",
    "helpText": "",
    "isSystem": false,
    "minLength": 0,
    "maxLength": 20000,
    "validationRegex": "",
    "isValidate": false,
    "uuid": "ff4b04e5-70c2-45ec-b203-8011f9c52fa7"
  },
  {
    "baseType": 3,
    "name": "occurrence.request.user_ip",
    "description": "",
    "helpText": "",
    "isSystem": false,
    "minLength": 0,
    "maxLength": 20000,
    "validationRegex": "",
    "isValidate": false,
    "uuid": "ab81b96e-4890-4c3d-b57a-92e58da1e496"
  },
  {
    "baseType": 3,
    "name": "occurrence.server.branch",
    "description": "",
    "helpText": "",
    "isSystem": false,
    "minLength": 0,
    "maxLength": 20000,
    "validationRegex": "",
    "isValidate": false,
    "uuid": "5ad87a28-70a4-4b9b-a450-d7b946de8069"
  },
  {
    "baseType": 3,
    "name": "occurrence.server.code_version",
    "description": "",
    "helpText": "",
    "isSystem": false,
    "minLength": 0,
    "maxLength": 20000,
    "validationRegex": "",
    "isValidate": false,
    "uuid": "6f0a338f-a7dc-4cc2-84ec-6face6270caf"
  },
  {
    "baseType": 3,
    "name": "occurrence.server.cpu",
    "description": "",
    "helpText": "",
    "isSystem": false,
    "minLength": 0,
    "maxLength": 20000,
    "validationRegex": "",
    "isValidate": false,
    "uuid": "abdf8736-518e-4587-8acf-6f324539b9c6"
  },
  {
    "baseType": 3,
    "name": "occurrence.server.host",
    "description": "",
    "helpText": "",
    "isSystem": false,
    "minLength": 0,
    "maxLength": 20000,
    "validationRegex": "",
    "isValidate": false,
    "uuid": "ea1202f8-bcc6-408d-8111-b1ce0ebfda33"
  },
  {
    "baseType": 3,
    "name": "occurrence.server.root",
    "description": "",
    "helpText": "",
    "isSystem": false,
    "minLength": 0,
    "maxLength": 20000,
    "validationRegex": "",
    "isValidate": false,
    "uuid": "3208065f-940e-4112-940b-4c7de045a79b"
  },
  {
    "baseType": 3,
    "name": "occurrence.server.sha",
    "description": "",
    "helpText": "",
    "isSystem": false,
    "minLength": 0,
    "maxLength": 20000,
    "validationRegex": "",
    "isValidate": false,
    "uuid": "28e8fd5b-f5ea-4a34-a120-ea1d1fd0a79f"
  },
  {
    "baseType": 3,
    "name": "occurrence.telemetry.body.end_timestamp_ms",
    "description": "",
    "helpText": "",
    "isSystem": false,
    "minLength": 0,
    "maxLength": 20000,
    "validationRegex": "",
    "isValidate": false,
    "uuid": "efd92681-6e17-4110-afa4-ba5a81604a01"
  },
  {
    "baseType": 3,
    "name": "occurrence.telemetry.body.method",
    "description": "",
    "helpText": "",
    "isSystem": false,
    "minLength": 0,
    "maxLength": 20000,
    "validationRegex": "",
    "isValidate": false,
    "uuid": "104d3d71-3743-49f7-b792-b84a1ba2b9f6"
  },
  {
    "baseType": 3,
    "name": "occurrence.telemetry.body.start_timestamp_ms",
    "description": "",
    "helpText": "",
    "isSystem": false,
    "minLength": 0,
    "maxLength": 20000,
    "validationRegex": "",
    "isValidate": false,
    "uuid": "2828502e-d610-41bc-a259-ea43b2adf0da"
  },
  {
    "baseType": 3,
    "name": "occurrence.telemetry.body.status_code",
    "description": "",
    "helpText": "",
    "isSystem": false,
    "minLength": 0,
    "maxLength": 20000,
    "validationRegex": "",
    "isValidate": false,
    "uuid": "7654e512-b551-4fc2-bd5f-00973f616b6a"
  },
  {
    "baseType": 3,
    "name": "occurrence.telemetry.body.subtype",
    "description": "",
    "helpText": "",
    "isSystem": false,
    "minLength": 0,
    "maxLength": 20000,
    "validationRegex": "",
    "isValidate": false,
    "uuid": "4bdeea5d-affe-4232-bc85-9ae0b9f58024"
  },
  {
    "baseType": 3,
    "name": "occurrence.telemetry.body.url",
    "description": "",
    "helpText": "",
    "isSystem": false,
    "minLength": 0,
    "maxLength": 20000,
    "validationRegex": "",
    "isValidate": false,
    "uuid": "ad729f98-ec77-4374-979c-738892f4aa2e"
  },
  {
    "baseType": 3,
    "name": "occurrence.telemetry.level",
    "description": "",
    "helpText": "",
    "isSystem": false,
    "minLength": 0,
    "maxLength": 20000,
    "validationRegex": "",
    "isValidate": false,
    "uuid": "181266de-ff88-4d17-a4e3-9399b55becd1"
  },
  {
    "baseType": 3,
    "name": "occurrence.telemetry.source",
    "description": "",
    "helpText": "",
    "isSystem": false,
    "minLength": 0,
    "maxLength": 20000,
    "validationRegex": "",
    "isValidate": false,
    "uuid": "aae9dfd7-24be-46bf-abdc-2cc3bf9ebac2"
  },
  {
    "baseType": 3,
    "name": "occurrence.telemetry.timestamp_ms",
    "description": "",
    "helpText": "",
    "isSystem": false,
    "minLength": 0,
    "maxLength": 20000,
    "validationRegex": "",
    "isValidate": false,
    "uuid": "38f83461-5628-4018-b1d9-54d78a1b0e44"
  },
  {
    "baseType": 3,
    "name": "occurrence.telemetry.type",
    "description": "",
    "helpText": "",
    "isSystem": false,
    "minLength": 0,
    "maxLength": 20000,
    "validationRegex": "",
    "isValidate": false,
    "uuid": "43cf08df-9cda-4382-91f6-02a529ba29a1"
  },
  {
    "baseType": 3,
    "name": "occurrence.timestamp",
    "description": "",
    "helpText": "",
    "isSystem": false,
    "minLength": 0,
    "maxLength": 20000,
    "validationRegex": "",
    "isValidate": false,
    "uuid": "c06d67fe-4577-4146-8bdd-d867f2a7e26d"
  },
  {
    "baseType": 3,
    "name": "occurrence.title",
    "description": "",
    "helpText": "",
    "isSystem": false,
    "minLength": 0,
    "maxLength": 20000,
    "validationRegex": "",
    "isValidate": false,
    "uuid": "71f05c7d-6f67-4411-88fe-10466bca6ee6"
  },
  {
    "baseType": 3,
    "name": "occurrence_url",
    "description": "",
    "helpText": "",
    "isSystem": false,
    "minLength": 0,
    "maxLength": 20000,
    "validationRegex": "",
    "isValidate": false,
    "uuid": "a6820c66-ff05-4d29-8174-0b95c1c3150e"
  },
  {
    "baseType": 3,
    "name": "occurrence.uuid",
    "description": "",
    "helpText": "",
    "isSystem": false,
    "minLength": 0,
    "maxLength": 20000,
    "validationRegex": "",
    "isValidate": false,
    "uuid": "b64554f6-0c51-488c-bd6a-e67125275bd4"
  },
  {
    "baseType": 3,
    "name": "project",
    "defaultValue": "",
    "description": "\n",
    "helpText": "",
    "isSystem": false,
    "minLength": 0,
    "maxLength": 20000,
    "validationRegex": "",
    "isValidate": false,
    "uuid": "cab586fe-0da8-4e0a-b71a-c8a57e05c622"
  },
  {
    "baseType": 3,
    "name": "rql_columns",
    "defaultValue": "",
    "description": "",
    "helpText": "",
    "isSystem": false,
    "minLength": 0,
    "maxLength": 20000,
    "validationRegex": "",
    "isValidate": false,
    "uuid": "536096be-2897-42c1-90eb-4ad561c862df"
  },
  {
    "baseType": 3,
    "name": "rql_errors",
    "defaultValue": "",
    "description": "",
    "helpText": "",
    "isSystem": false,
    "minLength": 0,
    "maxLength": 20000,
    "validationRegex": "",
    "isValidate": false,
    "uuid": "e6e7c080-7c2a-44ed-8b1b-996606c78a43"
  },
  {
    "baseType": 3,
    "name": "rql_execution_time",
    "defaultValue": "",
    "description": "",
    "helpText": "",
    "isSystem": false,
    "minLength": 0,
    "maxLength": 50,
    "validationRegex": "",
    "isValidate": false,
    "uuid": "cc757aa3-2b14-40c4-ad6a-d9788320959d"
  },
  {
    "baseType": 3,
    "name": "rql_id",
    "defaultValue": "",
    "description": "",
    "helpText": "",
    "isSystem": false,
    "minLength": 0,
    "maxLength": 20000,
    "validationRegex": "",
    "isValidate": false,
    "uuid": "08c95ba6-ef1a-4fff-a9a2-1ca81c4bd871"
  },
  {
    "baseType": 3,
    "name": "rql_query_string",
    "defaultValue": "",
    "description": "",
    "helpText": "",
    "isSystem": false,
    "minLength": 0,
    "maxLength": 20000,
    "validationRegex": "",
    "isValidate": false,
    "uuid": "fe56eadf-f8fc-4e2b-ae20-1b594f4d684d"
  },
  {
    "baseType": 3,
    "name": "rql_results",
    "defaultValue": "",
    "description": "",
    "helpText": "",
    "isSystem": false,
    "minLength": 0,
    "maxLength": 20000,
    "validationRegex": "",
    "isValidate": false,
    "uuid": "e484d224-1c44-4ee7-b8a0-c8f9663c57ef"
  },
  {
    "baseType": 3,
    "name": "rql_rowcount",
    "defaultValue": "",
    "description": "",
    "helpText": "",
    "isSystem": false,
    "minLength": 0,
    "maxLength": 20000,
    "validationRegex": "",
    "isValidate": false,
    "uuid": "a109e3c9-56d4-400a-966b-7d905b332464"
  },
  {
    "baseType": 3,
    "name": "rql_rows",
    "defaultValue": "",
    "description": "",
    "helpText": "",
    "isSystem": false,
    "minLength": 0,
    "maxLength": 20000,
    "validationRegex": "",
    "isValidate": false,
    "uuid": "6ef435c7-718b-4aed-b48b-5a875cb572d4"
  },
  {
    "baseType": 3,
    "name": "rql_selectedColumns",
    "defaultValue": "",
    "description": "",
    "helpText": "",
    "isSystem": false,
    "minLength": 0,
    "maxLength": 20000,
    "validationRegex": "",
    "isValidate": false,
    "uuid": "1f9241de-f5e3-4e1c-b82b-fbb1c6eaf14e"
  },
  {
    "baseType": 3,
    "name": "rql_status",
    "defaultValue": "",
    "description": "",
    "helpText": "",
    "isSystem": false,
    "minLength": 0,
    "maxLength": 20000,
    "validationRegex": "",
    "isValidate": false,
    "uuid": "89c1eed2-1531-4ec2-aa21-4e08c030ed7f"
  },
  {
    "baseType": 3,
    "name": "rql_warnings",
    "defaultValue": "",
    "description": "",
    "helpText": "",
    "isSystem": false,
    "minLength": 0,
    "maxLength": 20000,
    "validationRegex": "",
    "isValidate": false,
    "uuid": "3ccf9917-0ee1-4b80-8116-6d32c99bbbfe"
  },
  {
    "baseType": 3,
    "name": "url",
    "defaultValue": "",
    "description": "",
    "helpText": "",
    "isSystem": false,
    "minLength": 0,
    "maxLength": 20000,
    "validationRegex": "",
    "isValidate": false,
    "uuid": "79fe70b1-11b2-43ab-ae69-efd637fe0b54"
  }
]